gender,SeniorCitizen,Partner,Dependents,tenure,PhoneService,MultipleLines,InternetService,OnlineSecurity,OnlineBackup,DeviceProtection,TechSupport,StreamingTV,StreamingMovies,Contract,PaperlessBilling,PaymentMethod,MonthlyCharges,TotalCharges
0,0,0,0,-1.1585722564434118,0,1,0,2,0,2,0,0,0,0,0,3,-0.9991798966955427,-0.9484165312070284
1,0,1,1,-0.790872464816351,1,0,1,0,0,2,0,2,2,0,1,3,1.062183545535118,-0.494494629418518
0,0,1,1,-0.0554728815622295,1,2,1,0,2,0,0,0,2,0,1,2,0.8782825085153511,0.3154141206716624
1,0,1,1,0.3122269100648312,0,1,0,0,2,2,2,2,2,1,0,3,-0.1532351264046149,0.0736922005244267
0,0,1,1,-0.3823171407862835,0,1,0,2,0,0,2,0,0,2,0,3,-1.0125545175697075,-0.6489102778314335
1,0,0,0,-0.2597505435772633,1,0,2,1,1,1,1,1,1,1,0,3,-1.5207901107879729,-0.7761462972306277
0,1,1,0,1.619603946961047,1,2,1,2,2,2,2,2,2,2,1,1,1.7008216922764905,2.7232419869157023
1,0,1,1,1.4970373497520268,1,0,2,1,1,1,1,1,1,2,0,0,-1.494040869039643,-0.4000730401700365
1,0,1,1,0.5982156368858784,1,2,0,0,2,0,0,0,0,0,0,2,-0.3555262671263585,0.1133346838176108
0,0,0,0,-0.8317279972193578,1,2,1,0,0,0,0,2,2,0,1,2,0.980263992680858,-0.5460917300258674
1,0,0,0,-0.0554728815622295,1,2,1,0,2,0,0,0,0,0,1,2,0.5439169866612293,0.1585677737290646
0,0,1,1,-1.117716724040405,1,0,1,0,0,0,2,2,0,0,1,2,0.6977251267141251,-0.8002765044525657
1,0,1,0,0.5982156368858784,1,0,2,1,1,1,1,1,1,1,0,0,-1.5040718346952668,-0.5916783760870931
1,0,0,0,0.9250598961099324,1,0,1,2,2,0,0,2,2,1,1,3,1.20428889232312,1.445291186305492
0,1,1,0,1.2110486229309796,1,0,0,2,0,2,2,2,2,2,1,1,0.5037931240387346,1.1216547257079588
1,0,0,0,0.8842043637069257,1,0,1,2,2,0,2,2,2,1,1,1,1.354753377157475,1.4856628791575806
1,0,1,0,1.619603946961047,1,2,1,2,2,2,2,2,2,2,0,1,1.6573541744354547,2.692902449813393
0,0,0,0,-0.954294594428378,1,0,1,0,0,0,0,2,2,0,1,0,0.8665797152504565,-0.650545475024129
1,0,0,0,-0.7500169324133442,1,2,1,0,0,0,2,2,0,0,1,2,0.8381586458928564,-0.4876223817573249
0,0,1,1,-1.281138853652432,1,0,2,1,1,1,1,1,1,0,0,2,-1.5191182831787022,-0.9998147564801312
1,0,0,0,-1.281138853652432,1,0,0,0,0,0,0,0,0,0,0,1,-0.6246905122189264,-0.9879927227221303
0,0,1,1,-0.627450335204324,1,0,1,2,0,0,2,2,0,0,0,2,0.9016880950451392,-0.3125899903608303
1,1,0,0,0.1079492480497974,1,2,1,0,0,0,0,2,2,0,1,2,1.0220596829126234,0.5269290872727542
1,0,0,0,-1.0360056592343916,1,2,1,0,0,0,0,2,2,0,0,2,1.0471370970516825,-0.7256982541100371
0,0,0,0,-0.954294594428378,1,0,0,0,0,0,2,2,0,0,1,0,-0.1799843681529445,-0.7741575438881602
0,1,0,0,0.9659154285129392,1,2,1,2,2,2,0,2,2,1,0,2,1.5252797933030764,1.7049118865349344
0,0,0,1,-0.7091614000103375,1,0,1,0,2,0,0,0,2,0,1,0,0.7027406095419372,-0.4473390779426792
0,0,1,1,1.2927596877369931,1,2,1,2,0,0,2,2,2,1,1,0,1.3213168249720624,1.9621681800127773
1,1,0,0,-0.7091614000103375,1,0,1,0,0,0,0,0,2,0,1,2,0.485403020336758,-0.4974777594322191
1,0,0,0,-1.281138853652432,1,0,2,1,1,1,1,1,1,0,0,3,-1.4639479720727722,-0.9990855469212264
1,1,0,0,1.4561818173490202,1,0,2,1,1,1,1,1,1,2,1,1,-1.5007281794767255,-0.3914551090193444
1,0,1,0,0.1488047804528042,1,0,2,1,1,1,1,1,1,1,0,3,-1.5007281794767255,-0.7137436367958718
1,0,1,0,0.7616377664979054,0,1,0,0,2,0,0,0,0,0,1,1,-1.1646908300133332,-0.3324775237855046
0,0,0,0,0.3939379748708447,1,0,0,2,2,2,2,0,2,1,0,1,0.301501983316991,0.3883792710808565
1,0,0,0,-1.0768611916373982,1,2,1,0,0,0,2,0,2,0,1,0,0.771285541522032,-0.7775605218297156
0,1,1,0,-1.1994277888464184,1,0,1,0,0,0,2,2,0,0,1,3,0.6358675051711128,-0.8902344473101758
0,0,0,0,-0.5865948028013173,1,2,1,0,0,0,0,2,0,0,1,2,0.6793350230121485,-0.3216719639580983
0,0,1,1,1.619603946961047,1,2,1,2,2,2,2,0,2,2,0,1,1.4232983091375695,2.3761382368770527
1,0,0,0,-0.3823171407862835,1,2,1,0,0,2,2,2,2,0,1,3,1.3096140317071678,0.0832382165682704
1,0,1,0,-0.137183946368243,1,2,1,2,2,0,0,0,0,0,1,2,0.6542576088730894,0.0819123810066254
1,0,1,0,0.0670937156467907,1,0,2,1,1,1,1,1,1,2,0,1,-1.4990563518674551,-0.7083298082524883
1,0,0,0,-1.281138853652432,1,2,0,0,0,2,0,0,0,0,0,2,-0.3521826119078172,-0.9843908694463284
1,0,0,0,-1.1585722564434118,1,0,2,1,1,1,1,1,1,0,1,2,-1.494040869039643,-0.983794243443588
1,0,1,1,-0.30060607598027,1,0,1,0,0,0,0,2,2,1,1,2,0.8532050943762919,-0.0455888055048975
1,0,1,1,0.1896603128558109,0,1,0,2,0,2,2,0,0,1,1,2,-0.8253098253313994,-0.3342894990530861
1,0,0,0,0.2713713776618244,0,1,0,0,0,2,2,0,0,1,0,3,-0.9807897929935664,-0.4298380485289657
0,1,0,0,0.8024932989009121,1,2,0,2,0,2,0,0,0,2,0,0,-0.1682815748880502,0.3630558118534379
1,1,1,0,0.4347935072738514,1,2,1,0,2,2,0,2,2,0,1,2,1.274505651912485,0.9424680495516432
0,0,1,1,0.8024932989009121,1,2,1,0,0,2,0,2,2,1,0,0,1.215991685588014,1.3343850415738916
1,0,0,0,0.1896603128558109,1,2,1,2,0,0,0,2,0,0,1,2,0.8782825085153511,0.4806132316526237
1,0,1,1,1.0476264933189527,1,2,1,0,2,0,2,2,0,1,1,1,0.9969822687735642,1.3915064570214284
1,0,0,0,-1.281138853652432,1,0,1,0,0,0,0,0,0,0,0,2,0.1844740506680484,-0.9772976491915276
0,0,1,1,-0.0146173491592227,1,2,1,2,0,0,0,2,0,0,0,2,0.8264558526279618,0.2740259538889793
0,0,1,0,-1.0360056592343916,1,0,0,2,0,0,0,0,0,0,1,0,-0.4876006482587366,-0.8514758543914217
1,0,0,0,-0.3414616083832767,1,0,1,0,0,0,2,2,2,0,1,2,1.0404497866146,-0.0704040277670189
0,0,0,0,-1.281138853652432,1,0,1,0,0,0,0,0,0,0,1,2,0.1744430850124243,-0.9774302327476924
0,0,1,0,1.5787484145580404,1,0,0,0,2,2,2,2,2,2,1,1,0.5288705381777937,1.5129087999493849
0,1,0,0,-0.4231726731892902,1,2,1,0,0,0,0,0,0,0,1,0,0.3182202594096971,-0.26037416649138
0,0,1,1,-1.1585722564434118,1,2,0,0,0,0,0,0,0,0,0,3,-0.4692105445567598,-0.9025426207741132
1,0,1,1,-0.0554728815622295,1,2,1,2,0,2,0,2,0,1,0,0,1.108994718594695,0.3537086711438409
1,0,0,0,0.4756490396768582,1,2,1,2,2,2,0,2,2,0,1,2,1.5587163454884887,1.163816296568268
0,0,0,0,-0.137183946368243,0,1,0,0,0,0,2,0,0,0,1,2,-1.1262387950001091,-0.599080957972944
0,0,0,0,1.5378928821550335,1,2,1,0,2,2,2,0,0,1,1,0,0.8481896115484799,1.813829277924067
0,1,1,0,-0.8317279972193578,1,2,1,0,2,2,0,2,0,0,1,2,1.110666546203965,-0.5398603028861362
0,0,1,1,1.415326284946013,1,2,1,0,0,2,2,2,2,2,1,0,1.3631125152038277,1.9605329828200813
0,1,1,0,1.4561818173490202,1,2,1,0,2,0,0,0,2,0,1,0,0.8264558526279618,1.6996527388070763
1,0,1,1,-1.281138853652432,1,0,1,0,0,0,0,0,0,0,1,3,0.1677557745753423,-0.9775186217851352
1,0,0,0,-0.8725835296223645,1,0,1,0,2,0,0,0,0,0,0,2,0.3366103631116737,-0.6480042901976428
1,0,0,1,-1.1585722564434118,1,2,1,0,2,0,0,2,2,0,1,2,1.2310381340714494,-0.8472994723722401
0,0,0,0,0.5165045720798649,1,2,1,0,2,0,0,2,0,0,1,1,0.8164248869723383,0.7668169348930477
0,0,1,0,-1.1994277888464184,1,0,2,1,1,1,1,1,1,0,0,3,-1.4723071101191252,-0.9765905368919838
1,0,0,0,-1.1585722564434118,1,0,1,0,0,2,0,0,0,0,1,0,0.3315948802838617,-0.8661484346069591
1,0,0,0,-1.281138853652432,1,0,0,0,0,0,0,0,0,0,1,0,-0.6614707196228798,-0.9884788624280668
0,0,1,1,0.9659154285129392,1,2,0,2,2,0,0,0,2,1,0,0,0.1293037395621181,0.6777870769285891
0,1,0,0,0.1079492480497974,1,2,1,2,0,0,0,2,2,0,1,2,1.142431270780107,0.562527772102921
1,0,1,1,0.7207822340948987,1,2,0,0,0,2,2,2,0,1,1,2,0.1593966365289892,0.5128310358005962
1,0,0,0,-1.2402833212494253,1,0,1,0,0,2,0,2,2,0,0,2,1.0053414068199171,-0.929700152528474
1,0,0,1,-0.8317279972193578,1,0,2,1,1,1,1,1,1,2,0,0,-1.5224619383972433,-0.9145856271257214
0,0,1,1,-0.9134390620253712,1,0,0,0,2,2,0,0,0,0,1,3,-0.3120587492853227,-0.7647662086598418
1,0,1,0,-0.8725835296223645,1,0,2,1,1,1,1,1,1,1,1,3,-1.4823380757747489,-0.9266728279960512
0,0,1,0,-1.0768611916373982,1,0,2,1,1,1,1,1,1,0,0,0,-1.5174464555694316,-0.9437540094819103
1,0,1,0,0.8433488313039189,0,1,0,0,2,2,2,2,2,1,1,2,-0.1482196435768028,0.3988533720178516
1,0,1,1,-0.4231726731892902,1,0,1,0,2,2,0,2,2,1,1,3,1.175867822965519,-0.0846346627953413
0,0,0,0,-1.1994277888464184,1,2,1,0,0,0,0,0,0,0,1,1,0.3416258459394852,-0.8887760281923663
0,0,0,0,-0.3823171407862835,1,2,2,1,1,1,1,1,1,1,0,1,-1.3402327289867473,-0.7364596194187221
0,0,1,0,1.619603946961047,1,2,2,1,1,1,1,1,1,2,0,0,-1.3118116596291467,-0.174460022096787
0,0,0,0,-1.281138853652432,0,1,0,0,0,0,0,0,0,0,0,3,-1.353607349860912,-0.997627127803417
0,0,1,1,-1.2402833212494253,1,0,1,0,0,0,0,0,0,0,0,2,0.1844740506680484,-0.9433783560727776
1,1,1,0,-0.790872464816351,1,0,1,0,2,2,0,2,2,0,1,2,1.1073228909854242,-0.4613487403773942
0,0,1,1,-1.281138853652432,0,1,0,2,0,0,0,0,0,0,0,0,-1.1496443815298976,-0.9949312621614056
1,1,0,0,-1.1994277888464184,1,2,1,0,2,2,0,2,2,0,1,2,1.3413787562833095,-0.8782798299960105
0,1,0,0,-0.137183946368243,1,2,0,2,2,0,0,0,0,0,1,0,-0.2117490927290862,-0.2487289108082651
1,1,1,0,1.0476264933189527,1,2,1,2,2,2,0,2,2,1,1,2,1.4701094821971463,1.7702092879459483
1,0,0,0,-1.0768611916373982,1,0,0,2,0,2,2,2,2,2,1,3,0.5138240896943581,-0.7903548349995893
0,1,0,0,0.4756490396768582,1,0,0,0,0,2,2,2,2,1,0,0,0.3332667078931322,0.4358883787064674
0,0,1,1,1.5378928821550335,0,1,0,0,2,2,2,2,2,1,1,0,-0.216764575556898,0.8093762564218505
1,1,1,0,1.619603946961047,1,2,0,2,2,2,0,2,2,2,1,1,0.6425548156081948,1.6351508387330491
0,1,1,1,-0.0554728815622295,1,0,1,0,0,2,2,2,2,0,1,2,1.1374157879522957,0.2782244331675217
0,0,0,0,-1.281138853652432,1,0,1,0,0,0,0,0,0,0,1,2,0.1744430850124243,-0.9774302327476924
1,0,0,0,-1.281138853652432,1,0,1,0,0,0,0,0,2,0,0,2,0.5221832277407111,-0.9728340028006564
1,0,0,0,-1.0768611916373982,1,0,1,0,2,0,0,2,0,0,1,2,0.68435050583996,-0.7921005184890885
0,0,0,0,-1.281138853652432,1,0,2,1,1,1,1,1,1,0,1,3,-1.5207901107879729,-0.999836853739492
1,0,1,0,1.3744707525430069,1,2,1,0,2,2,0,2,2,0,1,1,1.3413787562833095,2.1440949163298253
1,0,0,0,-1.2402833212494253,1,0,0,2,0,0,0,0,0,0,1,2,-0.5711920287222672,-0.9675527578134374
1,0,1,0,1.170193090527973,1,0,1,0,2,2,2,0,2,0,0,1,0.9785921650715876,1.5247529309667462
1,1,0,0,-1.281138853652432,1,2,1,0,0,2,0,2,0,0,1,2,0.7997066108796321,-0.969165857746772
1,0,0,0,0.8024932989009121,1,2,1,2,0,2,2,2,2,2,1,2,1.4851559306805815,1.5245540556324992
0,0,0,0,0.4756490396768582,1,2,1,0,2,2,0,0,0,0,1,0,0.6659604021379835,0.6986247925057757
1,0,1,1,0.8433488313039189,1,2,0,2,0,0,2,0,2,0,0,2,0.2329570513368956,0.6833113917687764
1,1,0,0,-1.281138853652432,1,2,1,0,0,0,0,0,0,0,1,2,0.3633596048600033,-0.9749332424399276
1,0,0,0,-1.1585722564434118,1,0,1,0,0,0,0,2,2,0,1,2,0.7880038176147381,-0.8446036067302286
0,0,0,1,-1.1585722564434118,1,2,2,1,1,1,1,1,1,0,1,3,-1.318498970066229,-0.9711988056079612
1,0,0,0,1.415326284946013,1,2,1,2,2,2,2,2,2,1,1,0,1.787756727958562,2.4405959424323584
0,0,1,1,0.2713713776618244,1,2,2,1,1,1,1,1,1,1,1,3,-1.3602946602979944,-0.6042075221446379
1,0,0,0,-0.30060607598027,1,0,1,0,0,0,0,0,0,0,0,3,0.202864154370025,-0.2273387637470599
1,1,0,0,-1.117716724040405,1,0,0,0,0,2,0,0,0,0,0,2,-0.4859288206494659,-0.9035590947047076
1,0,1,1,0.2713713776618244,1,0,0,2,2,2,0,0,0,1,0,2,-0.1699534024973209,0.0274426366823786
1,0,1,0,-1.0360056592343916,1,0,1,0,0,0,0,0,0,0,1,2,0.1493656708733652,-0.8090491164187832
1,0,0,1,-0.9951501268313848,0,1,0,0,0,0,0,0,0,0,0,3,-1.3168271424569586,-0.913303986082798
0,1,0,0,0.8024932989009121,1,2,1,2,2,2,0,2,2,0,0,1,1.445032068058087,1.5722399413329962
1,0,0,1,-0.9134390620253712,1,2,2,1,1,1,1,1,1,0,0,1,-1.3402327289867473,-0.9094590629540276
1,0,1,1,1.5787484145580404,1,2,0,2,2,2,2,2,2,2,0,2,0.8532050943762919,1.9385020152374144
1,0,0,0,-1.2402833212494253,1,0,1,0,0,0,0,0,0,0,0,1,0.1945050163236719,-0.9462289025303144
1,0,0,0,-1.1585722564434118,1,0,0,0,0,2,2,2,2,0,1,2,0.3182202594096971,-0.8759596177631318
1,0,1,0,1.170193090527973,1,2,0,2,0,2,2,0,2,2,0,1,0.3499849839858382,1.0816807835243634
1,0,0,0,-0.464028205592297,1,2,1,0,0,0,0,0,0,0,0,3,0.3483131563765678,-0.3142472848128865
0,0,1,0,-1.2402833212494253,1,0,0,0,0,0,0,0,0,0,1,1,-0.6781889957155859,-0.9728119055412956
1,0,0,0,1.2519041553339865,1,2,1,0,2,0,0,0,2,1,0,1,0.8548769219855624,1.5661410977494294
1,0,0,0,-0.2597505435772633,1,2,0,2,2,0,0,0,0,1,0,2,-0.1114394361728496,-0.309275401456718
1,0,0,0,-1.281138853652432,1,0,0,0,0,0,0,0,2,0,1,3,-0.3070432664575107,-0.983794243443588
0,0,0,0,-0.30060607598027,0,1,0,0,0,2,2,2,2,1,0,2,-0.3571980947356289,-0.3794562971864575
1,0,1,0,-0.7500169324133442,1,2,0,0,0,0,2,2,0,0,1,1,0.0574151523634817,-0.5755252794943854
0,0,1,1,0.7616377664979054,1,0,0,2,2,2,2,2,2,2,0,1,0.6893659886677721,0.945848930233838
0,0,1,1,-0.7500169324133442,1,2,1,0,0,0,2,2,0,0,1,2,0.8950007846080571,-0.4334399018047679
1,0,1,0,0.7616377664979054,1,2,1,0,2,0,0,0,2,1,1,1,0.8515332667670209,1.030967573291444
0,0,0,0,-1.281138853652432,1,0,2,1,1,1,1,1,1,0,1,3,-1.490697213821102,-0.9994391030709984
0,0,0,0,-0.8725835296223645,1,0,0,0,0,0,2,2,2,0,0,3,0.1878177058865894,-0.6419054466140761
0,0,1,1,-1.2402833212494253,0,1,0,0,0,0,0,0,0,0,1,3,-1.353607349860912,-0.9922574937787548
0,0,1,0,-0.2188950111742565,1,0,1,2,0,0,2,2,2,1,1,1,1.237725444508532,0.1765107483299929
0,0,1,0,-0.464028205592297,1,2,1,2,0,2,0,2,2,0,1,2,1.3045985488793563,-0.0121777493514447
1,1,1,1,1.5787484145580404,1,2,1,2,2,0,0,2,2,0,1,1,1.3447224115018506,2.327435877245962
0,0,0,0,-1.281138853652432,0,1,0,0,0,0,0,0,0,0,0,2,-1.3469200394238294,-0.997538738765974
1,0,1,0,0.9659154285129392,1,2,1,2,0,0,0,2,2,1,1,2,1.192586099058225,1.4288950198598158
0,0,1,1,1.619603946961047,1,0,0,2,2,2,0,0,2,2,0,1,0.1293037395621181,1.1519058737728245
1,1,1,0,-1.0360056592343916,1,2,1,0,0,2,0,2,2,0,1,2,1.1491185812171896,-0.7143181655392512
1,0,0,0,-1.281138853652432,0,1,0,0,0,0,0,0,2,0,1,0,-0.9908207586491898,-0.9928320225221344
0,0,1,0,1.006770960915946,1,2,0,0,2,2,2,2,0,1,0,0,0.3249075698467791,0.9224258353114436
1,0,1,0,0.2305158452588177,1,2,0,0,0,2,2,0,2,1,0,1,0.1376628776084711,0.1713399896395775
1,1,0,0,-0.6683058676073308,0,1,0,0,2,0,0,2,0,0,1,3,-0.8654336879538942,-0.7079541548433556
1,1,0,0,1.2927596877369931,1,2,1,0,0,2,2,2,2,1,0,2,1.244412754945614,1.9473630162410756
1,0,1,1,0.4347935072738514,1,2,1,0,0,2,2,2,2,1,1,1,1.3179731697535209,0.959063091331566
0,1,0,0,-1.1994277888464184,1,0,1,0,0,2,0,0,0,0,0,3,0.3399540183302147,-0.9187399118855424
1,0,0,0,-0.954294594428378,1,2,1,0,0,0,0,0,0,0,1,2,0.3667032600785443,-0.6881550104561241
1,0,0,0,-0.4231726731892902,1,2,1,0,0,0,0,2,2,0,1,1,0.9953104411642936,-0.078314846618167
1,1,0,0,-0.7500169324133442,1,0,1,0,0,0,0,2,2,0,0,1,0.8548769219855624,-0.4488637888385708
0,0,1,0,-1.281138853652432,1,0,1,0,0,0,0,0,0,0,1,2,0.1359910499992006,-0.9779384697129896
1,0,1,0,1.619603946961047,1,2,1,0,2,2,2,2,2,2,1,1,1.5286234485216177,2.5104453792716863
1,0,1,0,-1.1994277888464184,1,2,1,0,0,0,2,0,0,0,1,0,0.493762158383111,-0.8971508894900904
1,0,1,1,-0.954294594428378,0,1,0,0,2,0,0,0,0,0,1,2,-1.1680344852318745,-0.8983883360142922
0,0,0,0,1.2927596877369931,1,2,1,0,0,2,0,2,2,1,1,1,1.175867822965519,1.7556029995084932
0,0,0,0,-1.281138853652432,1,0,1,0,0,0,0,0,0,0,0,2,0.125960084343577,-0.978071053269154
1,0,0,0,-0.5865948028013173,1,2,0,0,0,2,2,2,2,1,1,1,0.5723380560188295,-0.378439823255863
1,0,0,0,-1.281138853652432,1,0,1,0,0,0,0,0,0,0,1,2,0.1677557745753423,-0.9775186217851352
0,0,0,0,-1.0768611916373982,1,0,2,1,1,1,1,1,1,2,0,3,-1.5157746279601612,-0.953410511822558
0,1,0,0,-0.9951501268313848,1,2,1,0,0,0,0,0,0,0,1,2,0.3633596048600033,-0.7404813206223784
0,1,0,0,-1.281138853652432,1,0,1,0,0,0,0,0,0,0,1,2,0.1577248089197182,-0.9776512053412998
1,0,0,0,-0.0146173491592227,1,2,1,0,2,0,0,0,0,0,1,0,0.5171677449128992,0.1389454074167193
1,0,0,0,-0.954294594428378,1,0,2,1,1,1,1,1,1,0,0,3,-1.4923690414303723,-0.929523374453588
1,0,0,0,-0.9951501268313848,1,0,0,0,0,0,0,0,2,0,1,1,-0.3388079910336524,-0.8148165011119387
1,0,1,1,1.415326284946013,1,0,0,2,0,2,2,0,2,2,0,3,0.0992108425952469,1.03675705524396
0,0,0,0,-1.281138853652432,1,0,0,0,0,2,0,0,0,0,1,3,-0.4825851654309246,-0.9861144556764668
0,0,1,0,0.6390711692888852,0,1,0,0,2,2,0,0,0,1,0,3,-1.0092108623511664,-0.2993095374850201
0,0,1,1,0.4347935072738514,1,2,1,0,0,2,0,2,2,0,1,0,1.15079040882646,0.8521565505442611
1,0,0,0,0.8433488313039189,1,2,2,1,1,1,1,1,1,1,0,0,-1.3653101431258063,-0.4330421511362743
0,1,1,1,0.3122269100648312,1,2,1,0,0,0,0,2,2,0,1,1,0.9919667859457522,0.6004687664253274
1,0,0,1,0.8433488313039189,1,0,2,1,1,1,1,1,1,2,0,0,-1.5090873175230786,-0.5433295726057739
1,0,0,0,0.2305158452588177,1,0,0,0,0,2,2,0,2,1,1,3,-0.0863620220337905,0.0322819364823828
1,0,0,0,-0.2597505435772633,1,0,2,1,1,1,1,1,1,1,0,1,-1.507415489913808,-0.8063090562580503
0,1,0,0,-1.117716724040405,1,0,1,0,0,0,0,0,0,0,1,3,0.1393347052177416,-0.8676510482434902
1,0,0,0,0.9659154285129392,1,0,0,0,2,2,2,2,2,2,1,1,0.5656507455817469,0.9955677637955236
0,0,0,0,-0.7091614000103375,1,0,2,1,1,1,1,1,1,0,0,0,-1.5207901107879729,-0.8805558477101677
1,0,0,0,-1.281138853652432,1,2,1,0,0,0,0,0,2,0,1,2,0.7261461960717253,-0.970138137158645
1,0,1,1,-1.2402833212494253,1,0,2,1,1,1,1,1,1,1,0,3,-1.5057436623045373,-0.9925447581504449
1,0,0,1,0.8024932989009121,1,2,2,1,1,1,1,1,1,2,0,1,-1.3134834872384171,-0.4186347380330659
0,0,0,0,-1.117716724040405,1,0,0,2,0,0,2,0,0,0,0,2,-0.3571980947356289,-0.8721809864124437
0,0,1,0,0.8024932989009121,1,2,1,0,2,2,0,2,0,0,0,0,0.9936386135550228,1.2127175315336065
1,1,1,0,-0.1780394787712498,1,2,1,0,2,0,2,2,2,0,1,2,1.3681279980316392,0.3165410808990607
0,0,0,0,-0.0554728815622295,1,0,2,1,1,1,1,1,1,2,0,1,-1.4706352825098543,-0.7037556755648132
0,1,0,0,-1.0768611916373982,1,0,1,0,0,2,0,0,0,0,0,2,0.3182202594096971,-0.8165621846014379
0,0,1,0,-1.1585722564434118,1,0,0,2,2,0,0,0,0,0,0,3,-0.3404798186429228,-0.9045313741165806
0,0,1,0,1.415326284946013,1,2,1,0,2,2,0,2,2,1,1,0,1.364784342813098,2.004307653613725
1,0,1,1,0.1896603128558109,1,0,1,0,0,0,0,2,2,1,0,1,0.8799543361246216,0.4268285023685602
1,1,0,0,-0.790872464816351,1,0,1,0,0,0,0,2,2,0,1,2,0.856548749594833,-0.477568128748184
0,0,0,0,-0.8317279972193578,1,0,1,0,0,0,0,0,2,0,0,0,0.4419355024957218,-0.5897559145227079
1,0,1,1,1.619603946961047,1,0,1,2,0,2,2,2,2,2,1,1,1.3380351010647684,2.332496149639573
1,0,1,0,1.170193090527973,0,1,0,2,0,2,2,2,2,2,1,3,-0.0913775048616023,0.6616339803358814
1,0,0,0,0.1896603128558109,1,0,2,1,1,1,1,1,1,1,0,1,-1.4957126966489138,-0.6611521595172887
0,0,1,1,0.2713713776618244,1,2,1,0,0,0,2,2,2,0,1,1,1.1725241677469782,0.6565737079422699
0,0,1,1,-0.9134390620253712,1,0,2,1,1,1,1,1,1,0,1,0,-1.507415489913808,-0.9214578747869144
1,0,0,0,-0.954294594428378,1,0,1,0,0,2,0,2,2,0,1,2,0.975248509853046,-0.6497057791684205
1,0,0,0,-1.281138853652432,0,1,0,0,0,0,0,0,0,0,1,2,-1.3586228326887235,-0.9976934195814992
0,0,0,0,-0.30060607598027,1,2,2,1,1,1,1,1,1,2,0,1,-1.3419045565960177,-0.702540326299972
0,0,1,0,1.4561818173490202,1,2,1,0,0,2,0,2,0,2,1,0,0.8381586458928564,1.6319025416070192
0,0,0,0,-1.1585722564434118,1,0,1,2,0,2,2,0,2,0,1,0,0.9869513031179408,-0.8372894138818207
1,0,0,0,0.5573601044828717,0,1,0,0,2,0,0,0,0,0,0,0,-1.1563316919669802,-0.3984820374960626
0,0,1,1,0.0262381832437839,1,2,2,1,1,1,1,1,1,2,1,3,-1.3502636946423707,-0.6812385682762097
0,0,0,0,-0.6683058676073308,1,0,0,2,0,0,0,0,0,0,1,2,-0.4926161310865484,-0.6715378714168407
0,0,1,1,0.9250598961099324,1,0,1,0,0,0,0,0,0,2,1,1,0.1393347052177416,0.6898079860208366
0,0,1,1,0.5982156368858784,1,0,2,1,1,1,1,1,1,2,0,1,-1.4990563518674551,-0.559084918529988
0,1,0,0,-1.1585722564434118,1,0,1,0,2,2,0,2,2,0,1,1,1.167508684919166,-0.8126951642133069
1,0,1,0,1.2519041553339865,1,2,1,0,2,2,0,2,2,0,1,2,1.254443720601238,1.8395062933012576
0,0,0,0,-1.0768611916373982,1,0,0,2,2,0,0,0,0,0,0,2,-0.2886531627555341,-0.8364497180261122
1,0,0,0,-1.1994277888464184,1,2,1,0,0,0,0,0,2,0,1,2,0.6826786782306895,-0.8913835047969348
0,0,1,0,1.33361522014,1,0,0,2,0,2,0,0,0,0,1,3,-0.3254333701594875,0.6149203740472575
1,0,1,1,-0.0554728815622295,1,2,2,1,1,1,1,1,1,2,0,3,-1.3084680044106054,-0.6744768069118204
1,0,0,0,-1.117716724040405,1,0,0,2,0,0,2,0,0,0,1,3,-0.3053714388482402,-0.8904333226444225
1,0,0,0,-0.6683058676073308,1,0,2,1,1,1,1,1,1,0,1,3,-1.510759145132349,-0.857088558269052
1,0,0,0,0.8024932989009121,1,2,1,0,0,2,0,0,2,2,1,1,0.8214403698001502,1.0147039904019324
1,0,0,0,-1.281138853652432,1,0,2,1,1,1,1,1,1,0,0,3,-1.507415489913808,-0.999660075664606
1,0,1,1,-0.0146173491592227,1,0,1,0,0,0,0,0,0,0,1,0,0.1627402917475302,0.0292325146905993
0,0,0,0,-0.1780394787712498,1,0,0,0,2,0,2,0,0,0,0,0,-0.3421516462521936,-0.3377587687727237
1,0,1,1,0.7207822340948987,1,2,1,0,2,0,2,2,2,0,0,2,1.2979112384422735,1.2327155512550845
0,1,1,0,0.8842043637069257,1,0,2,1,1,1,1,1,1,2,1,3,-1.5358365592714085,-0.5527209078340922
1,0,0,0,0.9659154285129392,1,0,0,2,0,2,0,0,0,1,0,3,-0.4073529230137472,0.3261312914616258
0,0,0,0,-0.30060607598027,1,0,0,2,2,2,2,2,0,1,0,3,0.3148766041911556,-0.1847131504401746
1,0,1,1,-0.9134390620253712,1,0,0,0,2,0,0,0,0,1,0,3,-0.5126780623977958,-0.7981772648132945
1,0,0,1,-1.117716724040405,1,0,0,0,0,0,2,0,0,0,1,0,-0.5427709593646667,-0.9044650823384984
0,1,0,0,-1.281138853652432,1,0,1,0,2,0,0,0,2,0,1,2,0.7060842647604781,-0.970403304270974
1,1,0,0,-0.5457392703983105,1,2,1,2,0,0,0,2,0,0,1,2,0.859892404813374,-0.2747815795945885
1,0,1,1,0.9250598961099324,1,0,1,0,2,0,2,0,0,0,0,2,0.485403020336758,0.8647519883798882
1,0,0,0,-1.281138853652432,1,0,1,0,0,0,0,0,0,0,1,2,0.1560529813104477,-0.9776733026006604
1,0,0,0,0.8024932989009121,1,0,2,1,1,1,1,1,1,2,0,3,-1.51243097274162,-0.5553946762167429
1,0,0,0,-0.8725835296223645,1,0,1,0,0,0,0,0,0,0,0,2,0.1777867402309658,-0.6725101508287138
0,0,0,0,-1.1994277888464184,1,2,0,0,0,0,2,2,0,0,0,2,-0.0094579520073426,-0.9314237387586124
1,1,1,0,-1.0768611916373982,1,0,1,0,0,2,0,2,2,0,1,2,1.0320906485682468,-0.7548445392068653
0,0,0,0,-1.281138853652432,1,0,1,0,0,2,0,0,0,0,0,2,0.3483131563765678,-0.9751321177741744
1,0,0,0,-0.8725835296223645,1,0,1,2,0,0,0,0,0,0,1,2,0.2881273624428259,-0.6585004883939988
0,0,1,0,-1.1585722564434118,1,2,1,0,2,0,0,2,0,0,1,2,0.8950007846080571,-0.8469238189631073
1,0,0,0,-1.281138853652432,1,0,2,1,1,1,1,1,1,0,0,3,-1.51243097274162,-0.9997263674426882
1,0,0,0,0.8842043637069257,1,0,2,1,1,1,1,1,1,2,0,1,-1.51243097274162,-0.5626204800277078
1,0,0,0,-0.5865948028013173,0,1,0,0,0,0,0,0,0,0,0,3,-1.328529935721853,-0.7976911251073581
1,0,1,0,-0.4231726731892902,1,0,0,2,0,0,2,0,0,1,1,1,-0.2886531627555341,-0.4373290194522597
1,1,0,0,0.0262381832437839,1,2,1,0,2,2,0,0,0,0,1,1,0.6341956775618418,0.1920451216605997
1,1,1,0,1.5787484145580404,1,2,2,1,1,1,1,1,1,2,0,1,-1.318498970066229,-0.2174833860721657
1,0,0,0,-0.5865948028013173,1,0,2,1,1,1,1,1,1,0,0,3,-1.4990563518674551,-0.8499732407548908
0,0,0,0,-0.464028205592297,1,2,1,0,2,0,0,2,2,0,1,1,1.169180512528437,-0.1278127075862453
1,0,1,0,1.5787484145580404,0,1,0,0,2,0,0,2,2,2,0,2,-0.519365372834878,0.5451372289860115
1,0,1,0,1.33361522014,1,2,1,2,0,2,0,2,2,0,1,2,1.3163013421442504,2.0025398728648653
1,0,0,0,1.0884820257219594,1,0,2,1,1,1,1,1,1,2,0,3,-1.5224619383972433,-0.5224476625098659
0,0,0,1,-0.8317279972193578,1,2,1,0,2,2,0,2,2,0,1,2,1.3514097219389332,-0.4446432123006677
1,0,0,0,-1.281138853652432,1,0,0,0,0,0,0,0,0,0,0,3,-0.6631425472321506,-0.9885009596874276
0,0,0,0,-1.1994277888464184,1,2,1,0,0,0,0,0,0,0,0,0,0.3182202594096971,-0.9130388189704688
0,1,0,0,-1.0360056592343916,1,0,1,2,0,0,0,0,0,0,0,0,0.386765191389792,-0.7858469940899966
1,0,1,0,0.1896603128558109,1,2,0,2,0,0,0,0,0,0,1,3,-0.3287770253780288,-0.1109304014346329
0,0,0,1,0.679926701691892,1,0,2,1,1,1,1,1,1,1,0,1,-1.5191182831787022,-0.6012464893902975
0,1,0,0,1.5787484145580404,1,2,0,2,2,2,2,2,2,2,0,3,0.8348149906743149,1.7729493481066811
1,0,0,0,-0.30060607598027,1,0,1,0,0,2,2,2,2,2,0,0,1.15079040882646,0.1024186376934007
0,0,1,0,0.5573601044828717,1,0,0,0,2,0,0,2,2,0,1,1,0.1410065328270121,0.3916717627256081
1,0,1,0,1.619603946961047,1,2,2,1,1,1,1,1,1,2,0,1,-1.3051243491920643,-0.1810008108675687
1,0,0,0,-0.2597505435772633,1,0,1,0,2,2,0,2,0,0,0,2,0.8331431630650443,0.0236640053316906
0,0,1,1,-0.5048837379953037,1,0,2,1,1,1,1,1,1,0,0,3,-1.4990563518674551,-0.8289587471028182
0,1,1,0,-0.5048837379953037,1,0,1,0,0,0,0,2,2,1,1,0,0.873267025687539,-0.186613514745199
1,0,0,1,-1.1994277888464184,1,0,2,1,1,1,1,1,1,0,0,3,-1.502400007085996,-0.982645185956829
0,0,1,0,0.6390711692888852,1,2,1,0,2,0,2,2,2,0,1,1,1.3447224115018506,1.2382398660952716
0,0,0,0,-1.281138853652432,1,0,0,0,0,0,0,0,0,0,1,0,-0.6681580300599623,-0.9885672514655098
0,0,0,0,-0.9951501268313848,1,2,0,2,0,0,2,0,2,0,0,2,0.2095514648071075,-0.7593081855977366
1,0,0,0,-1.1994277888464184,1,0,1,0,0,0,0,0,2,0,1,2,0.5171677449128992,-0.8962449018562997
0,0,0,0,0.5573601044828717,1,2,0,2,0,2,0,2,2,2,0,3,0.4787157098996754,0.5798520234417486
0,1,0,0,0.3530824424678379,1,2,1,2,2,2,0,2,2,0,1,2,1.6155584842036894,1.064091365073207
0,1,0,0,1.2927596877369931,1,2,0,0,2,2,2,0,2,0,0,1,0.3265793974560501,1.143575206993822
1,0,0,0,-1.1585722564434118,1,0,2,1,1,1,1,1,1,0,0,3,-1.5341647316621376,-0.9735411151002004
0,0,1,0,-1.281138853652432,1,0,1,0,0,0,0,0,0,0,1,3,0.1510374984826362,-0.9777395943787428
1,0,0,0,-0.627450335204324,1,2,1,0,0,2,2,0,0,1,0,2,0.7311616788995373,-0.3851573901015308
0,0,0,0,-0.0554728815622295,1,2,1,0,0,0,2,0,0,0,1,1,0.500449468820193,0.0540919314714422
1,1,1,0,1.4970373497520268,1,2,1,0,2,2,2,2,2,2,1,2,1.5068896896011,2.3655094551245326
1,1,1,0,1.4970373497520268,0,1,0,0,0,2,0,0,0,1,1,1,-1.1730499680596862,-0.0651669772985212
0,0,0,1,0.7207822340948987,1,0,0,2,0,2,2,2,0,1,1,1,0.1978486715422129,0.5287410625403356
0,0,1,0,1.619603946961047,1,2,2,1,1,1,1,1,1,2,0,1,-1.333545418549665,-0.1911655501735134
0,0,0,0,-1.281138853652432,1,2,1,0,0,0,0,2,2,0,1,2,0.9936386135550228,-0.9666025756609252
0,0,1,1,-0.5865948028013173,1,0,0,0,0,2,2,0,0,1,1,1,-0.3505107842985467,-0.5854248516880011
0,0,1,1,0.3122269100648312,1,2,1,0,2,2,0,2,0,0,1,1,1.052152579879494,0.7219815956500876
1,0,0,0,-1.281138853652432,0,1,0,2,0,0,0,0,0,0,0,3,-1.1763936232782273,-0.9952848183111778
1,0,0,0,0.3530824424678379,1,0,1,0,2,0,2,2,0,1,1,2,0.8247840250186913,0.6399344716436256
1,0,0,0,0.8842043637069257,1,0,0,2,2,0,0,2,0,2,1,0,0.0139476345224459,0.5440986577960563
0,0,0,0,0.3530824424678379,1,0,1,0,0,0,0,0,0,0,0,0,0.1794585678402363,0.2591103038204736
0,0,1,1,0.5573601044828717,1,0,2,1,1,1,1,1,1,2,0,1,-1.5207901107879729,-0.5849608092414252
1,0,1,1,0.0670937156467907,1,0,1,0,0,0,0,2,0,0,0,2,0.4486228129328043,0.124869453203922
1,0,1,1,0.5165045720798649,1,2,0,2,2,0,2,2,0,2,0,1,0.29983015570772,0.48138663573025
0,0,1,1,0.1079492480497974,1,0,1,2,0,2,2,2,2,0,1,2,1.4049082054355928,0.6517344081422657
1,0,0,0,-1.281138853652432,1,0,1,0,0,0,0,0,0,0,1,2,0.1811303954495068,-0.9773418437102492
1,0,0,0,-1.117716724040405,1,2,0,0,0,0,0,0,0,0,0,2,-0.5929257876427849,-0.9097905218444388
0,0,1,1,0.4347935072738514,0,1,0,2,0,2,2,2,2,1,1,1,-0.1498914711860736,0.1585677737290646
0,0,0,0,-1.0768611916373982,0,1,0,0,0,0,0,2,2,0,0,1,-0.6648143748414211,-0.8764015629503468
0,0,1,1,0.5165045720798649,1,2,2,1,1,1,1,1,1,2,1,1,-1.345248211814559,-0.4907601925865514
1,0,1,1,1.3744707525430069,1,2,2,1,1,1,1,1,1,2,1,1,-1.323514452894041,-0.2693235565324834
1,0,1,0,-1.1994277888464184,1,0,1,0,0,0,0,0,0,0,1,2,0.1811303954495068,-0.9161103380216132
0,0,1,0,0.9659154285129392,1,2,1,0,2,0,0,2,2,1,1,2,1.1156820290317773,1.4259781816241972
0,1,0,0,-1.281138853652432,1,0,1,0,0,2,0,0,0,0,1,0,0.3483131563765678,-0.9751321177741744
0,0,0,0,-0.2597505435772633,1,2,1,0,0,2,0,2,2,0,1,0,1.190914271448955,0.1406247991281361
0,0,0,0,-0.8725835296223645,1,2,1,2,0,0,0,0,0,0,1,0,0.4720283994625929,-0.5977109278925776
0,0,0,0,-0.2597505435772633,1,2,1,0,0,0,0,0,0,0,1,0,0.3366103631116737,-0.1974632690913269
1,0,1,1,-0.6683058676073308,1,0,2,1,1,1,1,1,1,0,0,2,-1.4957126966489138,-0.8575526007156278
0,0,0,0,-1.281138853652432,1,0,1,0,0,0,0,0,0,0,1,2,0.1794585678402363,-0.97736394096961
0,0,1,1,-0.3823171407862835,1,2,2,1,1,1,1,1,1,2,1,1,-1.3134834872384171,-0.7809193052525494
0,0,1,0,-0.9951501268313848,1,2,1,0,0,0,0,0,2,0,1,1,0.6793350230121485,-0.7311341799127814
0,0,1,0,-0.1780394787712498,1,2,1,0,0,2,2,2,2,0,1,2,1.334691445846227,0.3377765471447408
1,1,0,0,-1.0360056592343916,1,2,1,0,0,0,0,0,0,0,0,3,0.296486500489179,-0.7674841715612138
1,1,1,0,-0.9134390620253712,1,2,1,0,0,2,0,0,2,0,1,2,0.8331431630650443,-0.6043401057008024
1,0,0,0,0.6390711692888852,1,2,1,0,2,2,0,2,2,1,1,1,1.3781589636872629,1.2379084072048605
0,0,0,0,-0.790872464816351,1,2,1,0,0,0,0,0,2,0,1,2,0.7044124371512076,-0.4711599235335668
1,1,1,0,0.3122269100648312,1,2,1,2,0,0,0,2,2,0,0,2,1.236053616899261,0.7975100281451284
1,0,1,1,1.619603946961047,1,2,0,2,2,2,2,2,2,2,0,1,0.7963629556610912,1.864829752528677
1,0,1,0,-0.7500169324133442,1,2,1,0,0,0,0,2,0,0,1,2,0.7094279199790192,-0.4623652143079886
0,0,0,0,-1.2402833212494253,1,0,0,0,2,0,0,0,0,0,1,3,-0.511006234788525,-0.957719477397904
0,0,1,1,1.5787484145580404,1,2,0,2,2,2,2,2,2,2,0,0,0.8364868182835858,1.7947151485770192
0,1,1,0,-0.7091614000103375,1,2,1,0,0,2,2,0,0,0,1,2,0.6074464358135121,-0.4523109612988477
1,1,0,0,-1.281138853652432,1,0,1,0,0,0,0,0,0,0,1,2,0.1627402917475302,-0.9775849135632176
0,0,1,1,-1.0768611916373982,1,0,0,2,2,0,0,0,0,0,0,1,-0.3003559560204284,-0.8469459162224682
1,0,0,0,-0.7500169324133442,1,2,2,1,1,1,1,1,1,1,1,1,-1.3402327289867473,-0.8662368236444021
1,0,0,0,1.2519041553339865,1,2,1,0,2,0,2,2,2,0,0,2,1.354753377157475,1.9584558404401708
1,0,1,0,-0.9134390620253712,1,2,1,0,0,0,0,2,0,0,1,2,0.6927096438863131,-0.6487334997565476
0,0,0,0,-1.117716724040405,1,0,0,2,0,0,2,0,0,0,0,1,-0.3689008880005233,-0.8935932307330098
0,1,0,0,-0.5048837379953037,1,2,0,0,0,0,0,0,2,0,1,3,-0.1097676085635789,-0.4894122597655457
0,0,0,1,-1.1994277888464184,1,0,0,2,0,0,2,0,0,0,1,3,-0.327105197768758,-0.9400637671686652
1,0,1,0,0.7207822340948987,1,2,1,2,0,2,0,2,2,1,1,2,1.3062703764886268,1.3035372675062855
0,0,1,1,-0.0963284139652362,0,1,0,0,0,0,2,2,2,0,0,1,-0.4575077512918655,-0.3183131805352644
0,0,0,0,-0.627450335204324,1,0,1,0,0,0,0,0,0,0,1,2,0.1710994297938833,-0.5026043236039129
0,0,0,1,-0.5865948028013173,0,1,0,0,0,0,0,0,2,0,1,2,-0.9991798966955427,-0.7640149018415763
1,0,0,0,0.5573601044828717,1,0,2,1,1,1,1,1,1,2,0,1,-1.5274774212250553,-0.6070580686021745
1,0,1,1,0.8433488313039189,1,0,0,0,2,0,2,2,0,0,0,1,0.0039166688668224,0.4782046303823021
0,0,0,0,-1.281138853652432,1,2,2,1,1,1,1,1,1,0,1,2,-1.310139832019876,-0.9970525990600376
1,0,0,0,0.2713713776618244,1,0,0,0,0,0,2,0,0,2,1,0,-0.5043189243514428,-0.137270334592646
1,0,0,0,0.7207822340948987,0,1,0,2,0,0,2,0,0,1,1,3,-0.985805275821378,-0.2354926524511763
1,0,1,1,1.4561818173490202,1,2,1,2,2,2,0,2,2,2,1,2,1.515248827647453,2.291815095156434
1,0,1,1,-1.281138853652432,1,2,1,0,0,0,0,0,0,0,1,2,0.3215639146282381,-0.9754856739239464
0,0,0,0,-1.1994277888464184,1,0,2,1,1,1,1,1,1,0,0,3,-1.5007281794767255,-0.9803028764645896
1,0,0,0,-0.9134390620253712,1,0,1,0,0,2,0,2,2,0,1,2,1.0036695792106467,-0.5448763807610263
1,0,0,0,-0.3823171407862835,1,2,1,0,0,2,0,0,0,0,1,2,0.5389015038334173,-0.161157471961616
0,0,1,1,1.0476264933189527,0,1,0,0,0,2,2,2,2,2,1,1,-0.3137305768945932,0.3911856230196717
0,0,0,0,-1.2402833212494253,1,2,1,0,0,0,0,2,2,0,1,2,1.0404497866146,-0.9311585716462834
0,0,1,1,-0.0554728815622295,1,2,1,0,0,2,2,2,2,0,1,2,1.3146295145349798,0.4250165271009786
1,1,1,1,0.1079492480497974,1,0,0,0,2,0,2,2,2,0,1,2,0.3733905705156269,0.2057012279455425
1,1,1,0,1.170193090527973,1,2,2,1,1,1,1,1,1,2,0,0,-1.333545418549665,-0.3447194054713597
0,0,0,0,-1.2402833212494253,1,0,1,0,0,0,0,0,2,0,0,2,0.5238550553499817,-0.927048481405184
1,1,1,0,0.4756490396768582,0,1,0,0,2,0,0,0,0,0,1,2,-1.1546598643577095,-0.4074977193152482
0,1,0,0,0.5573601044828717,1,2,1,0,2,2,0,2,2,0,1,2,1.322988652581333,1.1411445084641396
1,0,0,0,-0.30060607598027,1,2,1,0,0,0,0,0,2,0,1,2,0.6659604021379835,-0.1053176975570026
0,0,0,0,-1.117716724040405,1,0,1,0,2,0,0,2,0,0,1,3,0.6826786782306895,-0.8225947364069225
0,0,0,0,-1.281138853652432,1,0,2,1,1,1,1,1,1,0,0,3,-1.5040718346952668,-0.9996158811458844
1,0,0,0,-0.5048837379953037,1,0,0,2,0,2,0,0,2,0,0,1,-0.0161452624444246,-0.3903060515325854
1,0,0,1,0.4347935072738514,0,1,0,2,2,2,0,0,0,0,1,2,-0.8169506872850464,-0.1630357390072797
1,0,0,0,-1.2402833212494253,1,0,1,0,0,0,0,0,2,0,1,2,0.5121522620850876,-0.928374316966829
0,0,1,0,-0.9134390620253712,1,0,2,1,1,1,1,1,1,1,0,3,-1.4973845242581842,-0.9269158978490196
0,0,1,1,0.8024932989009121,1,2,2,1,1,1,1,1,1,2,0,3,-1.3987466953112184,-0.4537251858979357
0,0,0,0,-1.281138853652432,1,0,0,0,0,0,0,0,0,0,1,2,-0.6547834091857976,-0.9883904733906238
1,1,1,0,0.5165045720798649,1,2,2,1,1,1,1,1,1,1,0,1,-1.343576384205288,-0.4894122597655457
1,0,0,0,-1.281138853652432,1,0,0,0,0,2,0,0,0,0,1,3,-0.5093344071792545,-0.9864680118262388
0,1,0,0,-0.6683058676073308,1,2,1,0,0,0,0,2,2,0,1,2,1.053824407488765,-0.3096068603471292
1,0,0,0,-1.281138853652432,1,0,0,0,0,0,0,0,0,0,0,2,-0.6547834091857976,-0.9883904733906238
0,0,0,0,-0.0554728815622295,1,2,1,0,0,2,0,0,2,0,1,2,0.8364868182835858,0.2320853556222772
1,0,1,1,0.2305158452588177,1,2,1,0,2,2,0,2,0,0,1,2,0.9953104411642936,0.5933313516518056
0,0,0,0,-1.281138853652432,1,0,0,2,2,0,0,0,0,0,1,2,-0.3337925082058406,-0.98414779959336
1,0,0,0,-0.9134390620253712,1,0,0,0,0,0,0,0,0,0,1,1,-0.6698298576692329,-0.8159876558580584
1,0,1,0,-0.0146173491592227,1,2,1,0,0,2,0,0,0,0,1,2,0.4686847442440519,0.0734491306714584
1,0,1,0,1.3744707525430069,1,2,1,2,0,2,0,2,2,2,1,1,1.3764871360779922,2.076963442391869
0,0,0,0,-1.0360056592343916,1,0,0,2,2,2,0,0,0,0,0,2,-0.1164549190006614,-0.814440847702806
1,0,0,0,0.1896603128558109,1,2,1,0,2,0,2,2,2,1,1,1,1.3246604801906037,0.6612583269267487
1,0,1,1,0.2305158452588177,1,2,2,1,1,1,1,1,1,2,0,1,-1.331873590940394,-0.5823975271555784
1,0,1,1,-1.1585722564434118,1,0,1,0,0,0,0,0,0,0,1,3,0.1560529813104477,-0.8825004065339136
0,1,1,0,0.4347935072738514,1,2,1,0,0,2,2,2,2,1,1,2,1.4266419643561106,0.9953246939425552
1,0,1,1,1.4561818173490202,1,2,0,2,2,2,2,2,2,2,1,1,0.9133908883100338,1.8168786997158517
1,1,1,0,0.8433488313039189,1,2,1,0,2,2,0,2,2,0,1,2,1.3029267212700852,1.4158797340963347
1,0,0,0,-1.1994277888464184,1,0,1,2,0,0,2,0,0,0,1,3,0.582369021674453,-0.91365754223257
0,0,0,0,1.4970373497520268,1,0,0,2,0,2,2,2,2,2,1,1,0.587384504502265,1.4467275081639406
1,1,1,0,-1.0360056592343916,1,2,1,2,2,0,0,0,2,0,1,1,0.9969822687735642,-0.7109372848570567
1,0,1,0,1.170193090527973,1,2,1,0,2,2,0,2,2,0,1,2,1.3597688599852862,1.7676460058601011
1,0,1,1,0.5165045720798649,1,0,2,1,1,1,1,1,1,2,0,3,-1.4890253862118312,-0.5977551224112991
1,0,0,0,-1.281138853652432,1,0,2,1,1,1,1,1,1,0,0,2,-1.4789944205562076,-0.9992844222554732
0,1,0,0,-1.2402833212494253,0,1,0,0,0,0,0,0,0,0,0,2,-1.3552791774701825,-0.9899151842865156
0,0,1,0,-1.2402833212494253,1,0,1,0,0,0,0,0,0,0,1,2,0.1945050163236719,-0.9458974436399032
1,0,0,0,0.5573601044828717,1,2,1,2,0,0,0,2,0,0,1,1,0.8114094041445267,0.8678897992091147
0,0,1,1,-1.1994277888464184,1,0,2,1,1,1,1,1,1,0,0,3,-1.5241337660065142,-0.9842361886308032
0,0,0,1,1.415326284946013,1,2,1,0,2,0,2,2,2,2,1,2,1.3079422040978974,2.1024636796941736
0,0,0,0,-0.627450335204324,1,2,2,1,1,1,1,1,1,0,0,3,-1.3402327289867473,-0.7983761401475413
1,1,0,0,1.33361522014,1,2,1,2,0,2,2,2,2,2,1,2,1.5202643104752644,2.193990527966397
1,0,1,0,1.0884820257219594,1,2,1,0,0,0,0,0,2,1,0,2,0.6910378162770426,1.238726005801208
1,0,0,0,-1.281138853652432,1,0,2,1,1,1,1,1,1,0,0,3,-1.4923690414303723,-0.9994612003303592
0,0,1,0,0.1079492480497974,1,0,0,2,0,0,0,2,0,1,1,0,-0.0913775048616023,-0.0293031253560254
1,0,0,0,-0.954294594428378,0,1,0,0,0,0,0,2,2,0,1,2,-0.6514397539672563,-0.8233239459658273
0,0,0,0,-1.117716724040405,1,2,1,0,0,0,0,2,2,0,1,3,0.9702330270252344,-0.7932495759758476
0,0,0,0,0.1079492480497974,1,2,0,2,0,2,2,2,2,1,1,1,0.7044124371512076,0.3660831363858605
1,0,0,1,0.3122269100648312,1,0,2,1,1,1,1,1,1,1,1,0,-1.4873535586025608,-0.6305916498213724
1,0,1,0,-0.954294594428378,1,0,0,0,0,2,0,2,2,0,1,3,0.1727712574031538,-0.7589767267073254
1,0,1,0,1.5787484145580404,1,0,1,0,2,2,2,2,2,2,1,2,1.3497378943296623,2.2141432285034006
1,0,0,0,0.3939379748708447,1,0,2,1,1,1,1,1,1,1,1,3,-1.5157746279601612,-0.6374418002232046
0,0,1,0,-0.2597505435772633,1,0,0,0,2,2,2,2,2,0,0,0,0.5689944008002884,-0.0898054214857566
1,0,0,0,-0.954294594428378,1,0,0,0,0,0,0,0,0,0,0,3,-0.6664862024506916,-0.8179322146818043
1,0,1,1,1.5787484145580404,1,0,1,2,2,2,2,2,0,2,0,1,1.1808833057933312,2.1775722642613604
0,0,0,0,-1.0768611916373982,1,0,1,0,0,0,0,2,2,0,1,2,0.8766106809060801,-0.8071929466324803
1,1,1,0,-0.137183946368243,1,2,1,0,0,0,2,0,0,0,1,2,0.4820593651182164,0.0586881614184781
0,0,0,0,-1.281138853652432,1,2,2,1,1,1,1,1,1,0,1,3,-1.3084680044106054,-0.9970305018006768
1,0,1,1,-1.281138853652432,1,0,1,0,0,0,0,0,2,0,0,2,0.5054649516480051,-0.973054975394264
1,1,1,1,1.619603946961047,1,2,1,2,2,2,2,2,2,2,1,0,1.6740724505281608,2.613948942117436
1,0,0,0,0.8433488313039189,1,2,1,0,0,0,0,2,0,0,0,0,0.6876941610585016,0.987966306575426
1,0,0,0,-1.0360056592343916,1,0,1,0,0,2,0,0,0,0,0,3,0.3265793974560501,-0.7677493386735429
1,0,0,1,-0.2188950111742565,1,0,2,1,1,1,1,1,1,2,0,3,-1.4806662481654782,-0.751264783190424
0,0,1,0,-0.4231726731892902,1,2,0,2,0,0,2,2,2,0,1,2,0.4787157098996754,-0.2382106153525485
1,0,1,1,1.5787484145580404,1,0,0,0,2,0,2,2,2,2,1,1,0.2831118796150139,1.2695958771281748
0,0,1,1,1.619603946961047,1,2,1,2,2,2,0,2,2,2,0,1,1.4935150687269347,2.477321587489924
1,1,1,0,-0.6683058676073308,1,2,1,0,0,2,0,2,2,0,1,2,1.1324003051244833,-0.3068005084083141
1,1,0,0,-0.5048837379953037,1,2,1,0,0,0,0,2,0,0,1,2,0.6509139536545478,-0.2371278496438717
1,0,1,0,0.8024932989009121,1,0,1,2,2,2,2,2,2,2,1,2,1.3848462741243452,1.416542651877157
1,0,1,1,1.619603946961047,1,2,0,2,2,2,2,0,0,2,0,1,0.2413161893832487,1.208673733070589
1,1,0,0,-1.1994277888464184,1,2,1,0,0,0,0,0,0,0,1,2,0.3733905705156269,-0.9059676959750292
1,0,1,0,-0.5865948028013173,1,2,1,0,0,0,0,2,2,0,1,2,0.9969822687735642,-0.2624292116119296
1,0,1,1,-1.281138853652432,1,0,1,0,0,0,0,2,2,0,1,2,0.8431741287206679,-0.9685913290033926
1,0,1,0,0.3939379748708447,1,2,1,0,2,2,0,2,0,0,1,0,1.0153723724755408,0.741405086628186
1,0,1,0,1.3744707525430069,1,2,1,0,2,0,2,2,2,1,1,2,1.3096140317071678,2.0365917495397805
0,0,1,0,-0.0146173491592227,1,0,2,1,1,1,1,1,1,0,0,0,-1.5207901107879729,-0.7250574335885753
0,0,0,0,-1.0768611916373982,1,0,1,0,0,2,0,0,2,0,0,2,0.6358675051711128,-0.7885207624726471
1,0,0,0,-0.0963284139652362,1,0,0,2,2,0,2,2,0,1,0,2,0.1844740506680484,-0.1047431688136231
0,0,1,1,-1.117716724040405,1,0,1,0,2,0,0,0,2,0,1,2,0.6258365395154888,-0.8297763456991659
0,0,1,1,0.1896603128558109,1,2,1,0,2,0,0,2,0,0,1,2,0.7997066108796321,0.4679294047795537
0,0,1,1,-1.2402833212494253,1,0,1,0,2,0,0,0,0,0,1,0,0.2897991900520965,-0.944151760150404
0,0,1,1,-0.2597505435772633,1,0,1,2,2,0,0,0,0,0,0,2,0.5706662284095589,-0.093561955577084
1,1,1,0,0.1896603128558109,1,2,1,0,0,0,0,2,0,0,1,2,0.6960532991048546,0.3930638900653354
1,0,0,0,-1.281138853652432,1,0,2,1,1,1,1,1,1,0,0,0,-1.4990563518674551,-0.999549589367802
0,0,0,0,-1.281138853652432,1,0,0,0,0,0,0,2,0,0,1,1,-0.3304488529872993,-0.9841036050746386
0,0,1,1,1.4970373497520268,1,2,1,0,2,2,0,2,2,0,1,2,1.3062703764886268,2.282711024299805
1,0,1,1,-1.281138853652432,1,0,2,1,1,1,1,1,1,1,1,2,-1.494040869039643,-0.99948329758972
0,1,0,0,0.5573601044828717,1,2,1,2,2,2,0,2,2,1,1,2,1.5085615172103704,1.1459838082641436
0,0,1,1,-0.30060607598027,1,2,1,0,0,2,0,0,2,0,1,2,0.8097375765352557,0.0382923910285065
0,0,1,1,1.0476264933189527,1,2,1,0,2,2,0,2,2,1,1,1,1.348066066720392,1.7428749781167014
0,1,0,0,-0.7500169324133442,1,2,1,0,2,2,0,2,2,0,1,2,1.3363632734554975,-0.3316157306704354
0,0,0,0,-1.281138853652432,1,0,1,0,0,0,0,0,2,0,1,2,0.5706662284095589,-0.9721931822791948
0,0,1,0,1.619603946961047,1,2,0,2,2,2,2,2,2,2,1,2,0.9200781987471164,1.990673644588144
1,0,1,1,0.7616377664979054,1,0,2,1,1,1,1,1,1,2,0,1,-1.5157746279601612,-0.5281266581655784
1,0,0,0,-0.9951501268313848,1,2,0,0,0,0,0,2,0,0,1,2,-0.1883435061992975,-0.8154573216334005
0,1,1,0,1.5787484145580404,1,2,0,2,2,2,2,0,2,2,1,0,0.5957436425486181,1.5686601853165547
1,1,0,0,-0.790872464816351,1,2,1,0,2,2,0,2,2,0,1,2,1.4049082054355928,-0.4054647714540594
1,0,1,0,1.0476264933189527,1,0,0,2,2,2,0,0,0,1,0,1,-0.1532351264046149,0.5665936678252991
1,0,1,1,1.5378928821550335,1,2,0,2,2,2,2,2,2,2,1,1,0.8448459563299389,1.7480236395477562
0,0,0,0,0.8433488313039189,1,0,1,0,2,2,0,2,2,1,1,3,1.1842269610118723,1.2900579392962286
0,0,0,0,-1.1994277888464184,0,1,0,0,0,0,0,2,0,0,0,1,-0.9924925862584604,-0.9602606622243902
1,1,1,0,0.1896603128558109,1,2,1,0,0,0,0,2,2,0,1,2,0.9234218539656572,0.5266418229010644
0,0,0,0,-0.464028205592297,1,0,1,0,2,2,0,0,2,0,1,2,0.8415023011113973,-0.185110901108668
0,0,0,0,-0.5457392703983105,1,0,2,1,1,1,1,1,1,1,0,1,-1.4923690414303723,-0.8388583192964338
1,1,0,0,-0.9951501268313848,1,0,1,2,0,0,2,2,2,0,0,1,1.1842269610118723,-0.6405575137930704
0,0,0,0,-0.2597505435772633,1,2,1,0,0,2,0,0,0,0,1,2,0.5288705381777937,-0.0392247948090017
0,0,0,0,-0.954294594428378,1,0,1,0,0,0,0,0,0,0,0,2,0.2045359819792955,-0.7111803547100249
1,0,0,0,-0.7500169324133442,0,1,0,0,0,2,0,2,2,0,1,2,-0.4725541997753011,-0.6934141581839826
1,1,1,0,-0.3823171407862835,1,2,1,0,0,0,0,0,2,0,0,2,0.7328335065088079,-0.1351931922127356
1,0,1,0,1.129337558124966,1,2,2,1,1,1,1,1,1,1,0,0,-1.361966487907265,-0.3428853329444175
0,0,0,0,-1.1585722564434118,1,0,0,0,0,0,0,0,0,0,1,3,-0.6547834091857976,-0.9213694857494716
0,0,0,0,-0.954294594428378,1,0,1,0,0,2,0,0,2,0,1,1,0.6826786782306895,-0.6630746210816738
1,0,1,0,0.3122269100648312,1,2,1,0,2,0,0,2,2,0,1,2,1.2176635131972844,0.8093541591624901
1,0,1,1,1.5378928821550335,1,2,2,1,1,1,1,1,1,2,0,3,-1.3201707976754995,-0.2208421694949996
0,0,0,0,0.4347935072738514,1,2,1,0,2,2,0,2,2,2,1,2,1.3280041354091443,1.0951822089937813
0,0,0,0,-1.281138853652432,0,1,0,0,0,0,0,2,0,0,1,2,-1.0092108623511664,-0.9930750923751028
0,0,1,0,-0.3414616083832767,1,0,1,0,2,2,0,2,2,0,1,1,1.15079040882646,0.0661128405636897
1,0,0,0,0.4347935072738514,1,2,1,0,0,0,2,2,2,1,1,2,1.1741959953562486,0.8528636628438052
0,0,1,1,1.33361522014,1,2,0,2,2,2,2,2,2,2,0,0,0.8916571293895157,1.6273284089193438
1,0,0,0,-1.281138853652432,1,0,0,2,0,0,2,0,0,0,1,2,-0.365557232781982,-0.9845676475212144
0,0,1,0,1.5787484145580404,0,1,0,2,2,2,2,2,2,1,0,0,0.0641024628005642,1.0639366842576816
0,0,0,1,-0.627450335204324,1,0,0,0,0,0,0,2,2,0,1,3,-0.0061142967888011,-0.5253203062267632
1,1,0,0,-0.9134390620253712,1,0,1,0,0,0,0,0,2,0,1,2,0.4803875375089459,-0.6577049870570117
1,0,0,0,-0.6683058676073308,1,0,0,0,0,0,2,0,0,0,1,3,-0.5160217176163369,-0.6552963857866901
0,0,0,0,-1.2402833212494253,1,0,0,2,0,0,0,2,2,0,1,2,0.1961768439329424,-0.9434888423695814
0,0,0,0,-0.5865948028013173,1,2,1,0,2,0,0,2,0,0,1,1,0.8398304735021269,-0.3334056086786562
0,0,1,0,-0.8725835296223645,1,2,1,0,0,0,0,2,2,0,1,2,0.9735766822437756,-0.5315959278852159
1,0,0,1,-1.281138853652432,1,0,2,1,1,1,1,1,1,0,0,3,-1.5090873175230786,-0.9996821729239668
1,0,0,0,-0.5865948028013173,1,2,1,0,0,0,0,2,0,0,0,0,0.6492421260452773,-0.328743086953538
0,0,1,0,-1.2402833212494253,0,1,0,0,0,0,0,0,2,0,1,2,-0.9958362414770016,-0.9780268587504324
1,0,0,0,-1.2402833212494253,1,0,0,2,0,2,0,0,0,0,1,3,-0.327105197768758,-0.9583161034006442
0,1,0,0,-1.2402833212494253,1,0,1,0,0,0,0,0,0,0,1,2,0.1577248089197182,-0.95022850647461
0,0,0,0,-1.2402833212494253,1,0,0,0,0,2,0,0,2,0,0,2,-0.134845022702638,-0.9591778965157134
1,0,0,0,-0.464028205592297,0,1,0,0,2,0,2,0,0,0,1,3,-0.9657433445101308,-0.6636270525656925
0,0,1,0,1.619603946961047,1,2,2,1,1,1,1,1,1,2,0,1,-1.285062417880817,-0.1623065294483749
0,1,0,0,-1.1994277888464184,1,0,1,0,0,0,0,0,0,0,1,2,0.1844740506680484,-0.9179444105485556
1,1,0,0,-0.9134390620253712,1,2,1,0,0,0,0,2,2,0,1,2,1.018716027694082,-0.6113891314368815
1,0,0,0,-1.1994277888464184,1,2,1,0,0,0,0,0,0,0,0,3,0.3382821907209442,-0.9159998517248096
0,0,0,0,-1.281138853652432,1,0,2,1,1,1,1,1,1,0,1,3,-1.4957126966489138,-0.9995053948490809
0,1,0,0,-1.281138853652432,1,2,0,0,0,0,0,0,0,0,0,3,-0.4792415102123836,-0.9860702611577452
1,1,0,0,-0.30060607598027,1,2,1,0,2,2,0,2,2,0,0,3,1.3731434808594511,0.1650643679811248
0,0,0,0,-1.281138853652432,1,0,2,1,1,1,1,1,1,0,0,0,-1.5040718346952668,-0.9996158811458844
0,0,1,0,1.4561818173490202,1,0,0,2,0,0,2,0,0,1,0,0,-0.3003559560204284,0.6925480461815696
0,0,0,0,-1.1585722564434118,0,1,0,2,0,0,0,0,0,0,1,3,-1.1947837269802042,-0.9597745225184536
1,0,1,1,-0.0554728815622295,0,1,0,2,0,0,2,0,0,0,0,0,-0.985805275821378,-0.5322146511473169
1,0,0,0,0.3122269100648312,1,0,0,2,0,2,0,0,2,0,0,2,0.0858362217210823,0.1985417159126599
1,0,1,0,-0.954294594428378,0,1,0,0,0,0,2,2,0,0,0,3,-0.8102633768479641,-0.8630327210370935
1,0,1,0,0.679926701691892,1,0,1,0,0,2,2,2,2,1,1,1,1.1491185812171896,1.166313286876033
0,0,1,0,1.619603946961047,1,2,1,2,2,2,2,2,2,2,0,2,1.6807597609652434,2.6816991393174936
1,0,0,0,-0.5048837379953037,1,2,1,0,0,0,2,2,2,0,1,3,1.125712994687401,-0.1104000672099749
0,0,1,0,0.3939379748708447,0,1,0,0,2,0,2,0,0,1,0,3,-1.0476628973643909,-0.3696672112896456
0,1,0,0,0.1896603128558109,1,2,1,0,0,0,0,0,0,0,1,2,0.3800778809527094,0.2473987563592765
1,0,0,0,-0.9134390620253712,1,2,1,0,0,0,0,0,0,0,0,2,0.3399540183302147,-0.6609090896643204
0,0,0,0,-0.5865948028013173,1,2,1,0,0,0,2,2,0,0,1,2,0.7846601623961966,-0.2839298449699386
0,0,1,1,1.006770960915946,1,0,2,1,1,1,1,1,1,2,1,0,-1.4973845242581842,-0.527706810237724
0,0,0,0,-1.117716724040405,1,0,1,0,2,0,2,0,2,0,1,2,0.8180967145816087,-0.8043644974343044
0,1,0,0,0.5573601044828717,1,0,1,0,2,0,0,2,2,1,0,1,1.0153723724755408,0.9468433069050716
1,1,1,0,0.0262381832437839,1,2,1,0,0,0,0,2,2,0,1,2,0.9902949583364816,0.3640722857840324
1,0,0,0,-0.9134390620253712,1,2,1,2,0,0,0,2,2,0,0,2,1.125712994687401,-0.5626867718057901
0,0,1,1,-0.790872464816351,1,0,0,2,0,0,2,0,0,1,0,0,-0.3588699223448997,-0.6985849168743978
1,0,0,0,-0.5457392703983105,0,1,0,0,0,0,0,0,0,0,1,0,-1.328529935721853,-0.8014255619393248
0,0,0,0,1.006770960915946,1,2,1,2,2,0,2,0,0,0,1,0,0.7579109206478669,1.1504253573956544
0,0,1,1,1.2110486229309796,1,2,1,0,2,2,2,2,2,1,1,2,1.5353107589587,2.014914338106885
1,0,1,1,-0.4231726731892902,1,0,2,1,1,1,1,1,1,1,0,3,-1.502400007085996,-0.816827351713767
1,0,1,1,-1.1585722564434118,1,2,0,0,0,0,0,0,0,0,1,2,-0.4675387169474893,-0.9087077561357624
1,0,0,1,-0.7500169324133442,1,0,0,2,2,2,2,0,2,2,0,0,0.3750623981248974,-0.542246806897097
0,0,1,0,0.3939379748708447,1,2,2,1,1,1,1,1,1,2,0,2,-1.3251862805033117,-0.5186469338998169
0,0,1,1,1.619603946961047,1,2,2,1,1,1,1,1,1,1,1,0,-1.3903875572648654,-0.2910672597434606
0,1,0,0,-0.464028205592297,0,1,0,2,0,0,0,2,0,0,1,2,-0.7684676866161989,-0.6371324385921543
1,1,1,0,1.4970373497520268,1,2,1,0,2,2,2,2,2,2,1,0,1.4550630337137112,2.2258326787052365
1,0,1,1,-1.0360056592343916,0,1,0,2,2,2,0,0,0,2,0,3,-0.8804801364373297,-0.884665937951267
1,0,0,1,-0.6683058676073308,1,2,0,2,2,0,0,0,2,0,1,2,0.1410065328270121,-0.529474590986584
0,0,0,0,-0.790872464816351,0,1,0,0,0,0,0,0,2,0,1,2,-0.9958362414770016,-0.8112588423548581
1,0,1,1,1.619603946961047,1,2,1,2,2,2,2,2,2,2,0,0,1.6573541744354547,2.57158849592288
0,0,0,0,-0.3414616083832767,1,2,1,0,2,2,0,2,2,0,1,2,1.3129576869257094,0.0940879709143983
1,0,1,1,-1.1994277888464184,1,0,0,0,2,2,0,0,0,0,1,3,-0.2919968179740754,-0.934097507141263
0,0,0,0,-0.8317279972193578,1,0,2,1,1,1,1,1,1,1,0,3,-1.5241337660065142,-0.907315628796035
0,0,0,0,-1.1994277888464184,1,2,1,0,0,0,0,0,0,0,1,2,0.3366103631116737,-0.914541432607
1,0,0,0,-0.1780394787712498,1,2,1,0,2,0,0,2,2,1,0,2,1.1808833057933312,0.1797369481966622
1,0,0,0,-1.281138853652432,1,0,0,0,0,0,0,0,0,0,1,3,-0.6414087883116325,-0.988213695315738
0,0,0,0,0.1488047804528042,1,0,2,1,1,1,1,1,1,1,0,3,-1.5157746279601612,-0.7340731154077611
0,0,0,0,-1.2402833212494253,1,0,2,1,1,1,1,1,1,0,1,3,-1.4823380757747489,-0.9935612320810392
1,0,1,1,1.619603946961047,1,0,0,2,0,2,2,2,2,2,1,2,0.5322141933963347,1.5232945118489367
0,0,1,0,-1.0360056592343916,1,0,1,0,0,0,0,0,0,0,1,0,0.1443501880455537,-0.7973596662169469
0,1,1,0,1.129337558124966,1,2,1,0,2,2,0,2,2,0,1,2,1.3714716532501807,1.8205910392884568
1,1,0,1,0.9659154285129392,1,0,1,2,0,0,0,2,2,1,0,1,1.0003259239921052,1.31812145868438
1,0,0,0,-0.627450335204324,1,0,2,1,1,1,1,1,1,2,0,3,-1.529149248834326,-0.8566245158224762
0,0,0,0,-0.9134390620253712,1,0,0,0,0,2,2,0,0,0,0,2,-0.3555262671263585,-0.7507565462251268
1,0,0,0,1.006770960915946,1,2,1,0,0,0,2,2,0,2,1,1,0.8548769219855624,1.3028743497254631
1,0,0,0,1.5378928821550335,1,2,1,2,0,0,2,2,2,2,1,1,1.3079422040978974,2.195758308715257
1,1,0,0,-0.4231726731892902,1,2,1,0,0,0,0,2,2,0,1,2,1.0638553731443885,-0.0878608626620108
1,0,0,0,1.0476264933189527,1,2,1,0,0,2,2,2,2,1,1,2,1.3296759630184154,1.740311696030855
0,0,0,1,1.3744707525430069,1,2,1,2,0,2,2,0,0,2,1,1,0.8715951980782686,1.612346467072756
0,0,1,0,-0.6683058676073308,1,2,1,0,2,0,0,2,2,0,1,2,1.1741959953562486,-0.3301352142932652
1,1,1,0,0.3530824424678379,1,2,1,2,0,2,0,0,0,0,1,0,0.6308520223433007,0.4383190772361498
0,0,0,0,-0.137183946368243,1,0,2,1,1,1,1,1,1,0,0,1,-1.5224619383972433,-0.742536365742928
0,0,0,0,-1.281138853652432,1,0,1,0,0,0,0,2,0,0,0,2,0.4402636748864512,-0.9739167685093332
1,1,1,0,1.0884820257219594,0,1,0,0,2,0,0,2,2,0,1,2,-0.4892724758680071,0.3162980110460924
1,0,1,0,1.170193090527973,1,2,2,1,1,1,1,1,1,2,0,0,-1.318498970066229,-0.3284337253224876
1,0,1,0,-0.464028205592297,1,2,1,0,0,2,2,2,2,0,1,2,1.3781589636872629,-0.0140560163971084
0,0,0,0,-0.3823171407862835,1,2,1,0,0,0,0,2,2,0,1,2,0.9568584061510697,0.0264261627517842
1,0,0,0,-1.281138853652432,1,0,1,0,0,0,0,2,2,0,1,2,0.8097375765352557,-0.9690332741906076
1,0,1,1,0.679926701691892,1,2,1,0,0,2,0,2,2,0,1,2,1.167508684919166,1.1449452370741884
1,1,1,0,-1.0360056592343916,1,2,0,2,2,0,2,0,0,0,0,2,-0.0228325728815072,-0.7984866264443451
1,0,1,1,0.4347935072738514,1,2,2,1,1,1,1,1,1,2,0,3,-1.3586228326887235,-0.5320157758130701
1,0,0,0,0.5573601044828717,0,1,0,2,0,2,2,2,2,2,1,0,-0.1381886779211793,0.2703136143163734
0,1,0,0,-0.790872464816351,1,0,0,0,2,2,0,0,0,0,1,2,-0.3371361634243818,-0.6852160749611446
0,0,0,0,-0.1780394787712498,0,1,0,0,0,2,2,0,0,0,1,3,-0.9741024825564836,-0.5835244873829766
0,0,0,0,-0.790872464816351,1,0,2,1,1,1,1,1,1,2,1,3,-1.4873535586025608,-0.8929303129521873
1,0,1,1,1.5787484145580404,1,0,2,1,1,1,1,1,1,2,0,3,-1.5191182831787022,-0.3992112470549673
1,0,0,0,-1.1585722564434118,0,1,0,0,0,0,0,2,2,0,1,2,-0.6798608233248566,-0.9313795442398908
1,1,0,0,-1.117716724040405,1,0,1,0,0,0,0,2,2,0,1,2,0.8231121974094208,-0.7972933744388646
0,0,1,0,0.9659154285129392,1,0,1,0,0,2,2,2,2,0,1,2,1.1307284775152129,1.4971976485438918
0,0,1,0,1.0884820257219594,1,2,0,0,2,0,2,2,2,1,1,2,0.5088086068665462,1.0657265622659025
1,0,1,1,-1.281138853652432,1,0,2,1,1,1,1,1,1,0,0,0,-1.502400007085996,-0.999593783886524
1,1,0,0,-1.281138853652432,1,2,1,0,0,0,0,0,0,0,1,2,0.3282512250653207,-0.9753972848865036
1,0,0,0,-0.5457392703983105,1,2,1,0,0,0,0,0,2,0,1,0,0.7060842647604781,-0.3311516882238597
0,0,1,0,0.5165045720798649,1,2,1,2,2,2,2,2,2,1,0,3,1.6189021394222305,1.2155680779911429
0,0,1,0,0.4756490396768582,1,2,1,0,0,0,0,2,2,0,1,2,1.043793441833141,0.9202824011534512
0,1,0,0,0.5165045720798649,1,2,1,0,0,2,0,2,2,1,1,0,1.1792114781840606,0.9625765555699252
0,0,0,1,-0.30060607598027,0,1,0,2,0,0,2,0,0,2,0,0,-0.9975080690862724,-0.635209977027769
1,0,1,1,0.5573601044828717,1,0,2,1,1,1,1,1,1,2,0,1,-1.5090873175230786,-0.6298845375218285
0,0,0,0,-0.5457392703983105,1,0,1,2,0,2,2,2,2,0,1,2,1.394877239779969,-0.1534897229634359
1,1,1,0,-0.5048837379953037,1,2,1,0,0,0,0,2,2,0,1,2,0.9919667859457522,-0.1688694154785174
0,0,0,0,-1.2402833212494253,1,0,1,0,0,0,0,0,0,0,1,2,0.202864154370025,-0.9474442517951556
0,1,1,0,0.1896603128558109,1,2,1,0,0,0,0,0,0,0,1,2,0.3884370189990624,0.259154498339195
1,1,1,0,0.5573601044828717,1,0,1,0,0,0,0,0,2,0,1,2,0.5188395725221702,0.5848901985759992
0,0,1,0,1.2519041553339865,1,0,1,2,0,2,0,0,0,1,1,1,0.5439169866612293,1.3005320402332237
0,0,1,0,0.5165045720798649,1,0,1,0,0,0,2,2,2,2,1,1,1.0137005448662704,0.8856780929945178
0,0,1,0,-0.0146173491592227,1,0,2,1,1,1,1,1,1,1,0,3,-1.5241337660065142,-0.7462487053155339
0,0,1,1,1.0884820257219594,1,2,1,0,2,2,0,2,2,1,1,2,1.3798307912965335,1.7564868898829231
0,1,0,0,-1.281138853652432,0,1,0,0,0,0,0,0,0,0,1,3,-1.306796176801335,-0.997008404541316
1,0,1,1,-0.0963284139652362,1,2,1,0,0,0,0,2,0,0,0,2,0.6876941610585016,0.1008497322787875
1,0,0,0,-1.281138853652432,1,0,0,0,0,0,0,0,0,0,0,2,-0.6547834091857976,-0.9883904733906238
0,0,1,1,-0.6683058676073308,1,0,0,2,2,0,2,0,2,2,0,0,0.112585463469412,-0.5157079984048373
1,0,1,0,-0.954294594428378,0,1,0,0,0,0,0,0,0,1,0,0,-1.3636383155165357,-0.8935932307330098
0,1,0,0,0.3939379748708447,1,2,0,0,0,2,0,0,0,0,0,2,-0.3087150940667814,0.0618701667664259
0,1,1,0,0.8024932989009121,1,2,1,2,2,2,0,2,2,0,1,2,1.4784686202434991,1.4876737297594087
1,0,0,0,1.0884820257219594,1,2,1,0,2,2,2,2,2,0,1,2,1.5537008626606768,1.8729615439734328
0,0,0,0,-0.137183946368243,1,2,0,0,0,0,0,2,2,1,1,1,0.2045359819792955,-0.0891204064455735
0,0,1,1,-0.7500169324133442,1,2,1,0,0,2,0,0,2,0,1,2,0.7478799549922434,-0.4521783777426832
0,0,1,1,1.5787484145580404,1,2,0,2,2,2,2,0,0,2,0,3,0.2078796371978365,1.3007309155674704
0,0,0,0,1.33361522014,1,0,0,2,2,0,2,0,0,2,1,3,-0.1766407129344032,0.6443760207751363
1,0,0,1,-0.1780394787712498,1,0,1,2,0,0,0,0,0,0,1,0,0.3349385355024032,-0.0942248733579064
0,0,1,0,1.3744707525430069,1,2,1,2,2,0,2,0,0,1,0,2,0.8063939213167147,1.5984472909348448
1,0,0,1,-0.5048837379953037,1,0,2,1,1,1,1,1,1,0,1,2,-1.5207901107879729,-0.842902117759451
0,0,1,1,0.5982156368858784,0,1,0,2,2,2,0,2,2,2,1,1,-0.1632660920602384,0.2151809522113041
1,0,0,0,-0.1780394787712498,1,2,1,0,2,2,0,2,2,0,1,2,1.364784342813098,0.3083650949355835
0,0,1,1,-0.464028205592297,1,0,1,0,2,0,0,0,0,0,1,0,0.3065174661448026,-0.3164570107489615
0,0,1,1,-0.8725835296223645,1,2,0,0,0,0,2,0,2,0,1,2,0.0490560143171286,-0.6810175956826022
1,0,1,0,1.2519041553339865,1,0,2,1,1,1,1,1,1,2,1,0,-1.502400007085996,-0.4626966731983998
1,0,1,0,-1.0768611916373982,1,2,1,0,0,0,0,0,0,0,1,2,0.3550004668136503,-0.8148385983712995
0,0,0,0,-0.1780394787712498,1,2,1,0,2,0,0,0,2,0,1,2,0.8381586458928564,0.1519385959208399
1,1,1,0,-0.954294594428378,1,0,2,1,1,1,1,1,1,1,0,1,-1.5057436623045373,-0.9274683293330382
0,0,1,1,1.33361522014,1,2,2,1,1,1,1,1,1,2,0,1,-1.3001088663642524,-0.2770575973087457
0,0,0,0,-1.117716724040405,1,0,1,0,0,0,2,0,2,0,1,1,0.686022333449231,-0.8201861351366008
1,0,0,0,-0.954294594428378,1,0,2,1,1,1,1,1,1,0,1,3,-1.5358365592714085,-0.9263855636243616
0,0,1,0,-0.464028205592297,1,0,0,2,0,2,2,2,2,1,0,3,0.5355578486148762,-0.250496691557125
0,0,0,0,-1.281138853652432,1,0,2,1,1,1,1,1,1,0,0,3,-1.5174464555694316,-0.9997926592207704
1,0,1,1,1.619603946961047,1,2,0,2,2,2,2,2,2,2,1,1,0.9050317502636808,1.9150126285369384
1,0,0,0,0.3939379748708447,1,2,2,1,1,1,1,1,1,1,0,2,-1.331873590940394,-0.5886289542953097
1,0,0,0,-0.9134390620253712,1,0,1,0,0,0,0,0,0,0,0,3,0.1761149126216953,-0.6833599051748416
1,0,1,0,1.415326284946013,1,0,1,2,2,0,0,0,2,1,1,1,0.859892404813374,1.6680757551805654
1,0,1,1,-0.9951501268313848,1,0,0,2,0,0,0,0,0,0,1,1,-0.4541640960733245,-0.8265059513137751
0,0,1,0,0.6390711692888852,1,0,1,0,2,2,0,2,2,1,1,2,1.0755581664092826,1.065616075969099
0,0,1,1,1.415326284946013,1,2,1,2,0,0,2,0,2,1,1,1,0.9852794755086696,1.7941627170930006
0,0,1,0,-0.4231726731892902,1,0,1,0,0,0,0,0,0,0,1,2,0.1460220156548242,-0.3216277694393768
1,0,0,0,-0.4231726731892902,1,2,1,0,2,0,0,0,0,0,1,2,0.483731192727487,-0.2436907356740143
1,0,0,0,-1.0360056592343916,0,1,0,2,0,2,0,0,0,1,0,3,-0.9891489310399192,-0.8913835047969348
1,0,1,0,-1.1994277888464184,0,1,0,0,0,0,0,0,2,0,1,2,-0.9941644138677312,-0.964326557946768
0,0,1,0,1.5787484145580404,1,2,0,0,0,2,2,2,2,2,1,0,0.5205114001314407,1.4939935459365832
1,1,0,0,0.8842043637069257,1,2,1,0,2,0,0,0,2,0,1,2,0.8415023011113973,1.1711746839353978
1,0,0,0,-1.2402833212494253,1,0,1,0,2,0,0,0,0,0,1,2,0.3299230526745911,-0.9444169272627329
1,1,1,0,-0.9134390620253712,1,0,1,0,2,2,2,2,0,0,1,3,0.9234218539656572,-0.5955895909939457
1,0,1,1,1.129337558124966,1,0,0,0,2,0,2,2,2,2,0,0,0.403483467482498,0.999766243074066
1,0,1,1,-0.627450335204324,1,0,1,0,0,0,0,0,0,0,1,2,0.1376628776084711,-0.5003283058897557
1,0,0,0,0.8842043637069257,1,0,1,2,0,2,2,0,0,1,0,2,0.6525857812638188,0.9732937263598884
0,0,0,0,-1.281138853652432,0,1,0,0,0,0,0,0,0,0,0,0,-1.3251862805033117,-0.9972514743942844
1,0,0,0,-1.281138853652432,1,0,1,0,0,2,0,2,0,0,1,2,0.667632229747254,-0.9709115412362712
1,0,0,0,-1.281138853652432,1,0,1,2,0,0,0,0,2,0,1,3,0.6592730917009009,-0.971022027533075
1,0,0,0,0.2713713776618244,1,0,1,0,0,2,2,0,0,1,0,2,0.5689944008002884,0.4145424261639835
1,0,1,0,-0.5865948028013173,1,2,1,2,0,0,0,2,2,0,1,2,1.1541340640450015,-0.2381222263151055
0,0,0,0,-0.9951501268313848,1,2,1,0,0,0,0,0,0,0,1,2,0.2881273624428259,-0.7290128430141495
0,0,1,0,1.5378928821550335,1,0,2,1,1,1,1,1,1,2,0,1,-1.5057436623045373,-0.4213527009344381
1,0,1,0,-1.117716724040405,1,0,1,0,0,2,0,2,2,0,1,2,0.9886231307272112,-0.788277692619679
1,0,0,0,-1.281138853652432,1,2,1,0,0,0,0,0,0,0,1,2,0.3349385355024032,-0.9753088958490604
1,0,0,0,-1.2402833212494253,1,2,1,2,0,0,0,0,2,0,0,3,0.864907887641186,-0.931180668905644
1,0,0,0,0.4756490396768582,1,0,1,0,2,0,2,2,2,0,0,2,1.192586099058225,0.9353306347781212
0,0,1,0,-0.30060607598027,0,1,0,0,0,0,0,2,0,0,1,0,-1.032616448880955,-0.6314313456770809
1,0,0,0,-0.6683058676073308,1,0,2,1,1,1,1,1,1,0,0,3,-1.5007281794767255,-0.8865663022562914
1,0,0,0,-0.464028205592297,1,0,2,1,1,1,1,1,1,0,1,3,-1.502400007085996,-0.8243846144151431
1,0,1,0,1.0884820257219594,1,2,1,2,2,2,2,2,2,2,0,2,1.633948587905666,1.8913022692428545
0,1,1,0,-0.9951501268313848,1,2,1,0,2,0,0,0,0,0,1,1,0.5271987105685232,-0.728526703308213
1,0,0,0,-1.1994277888464184,0,1,0,0,0,0,0,0,0,0,0,2,-1.3419045565960177,-0.9788223600874196
1,0,0,0,-0.3414616083832767,1,2,0,2,0,0,0,0,0,0,1,0,-0.3087150940667814,-0.3894442584175162
1,1,0,0,0.2305158452588177,1,2,1,0,0,0,0,2,2,0,0,2,0.9986540963828348,0.6060151785248756
0,1,1,0,0.8842043637069257,1,2,1,0,2,0,0,2,2,1,1,1,1.224350823634367,1.3662050950533706
0,0,0,0,-1.1994277888464184,1,0,1,0,0,2,2,0,0,0,0,1,0.5088086068665462,-0.9122654148928429
1,0,0,0,0.1079492480497974,1,0,1,0,2,2,0,2,2,1,1,0,1.2527718929919671,0.5941268529887924
0,0,1,1,0.2305158452588177,1,0,2,1,1,1,1,1,1,0,0,3,-1.48568173099329,-0.6631409128597561
1,0,1,1,0.5982156368858784,1,2,1,0,2,0,0,2,2,0,1,2,1.1524622364357304,1.0904533954905806
1,0,1,1,-0.954294594428378,1,0,1,0,0,2,2,2,2,0,0,2,1.2778493071310262,-0.579524883438681
0,0,0,0,0.9250598961099324,1,0,0,0,0,0,0,0,0,1,0,0,-0.6631425472321506,0.079923627664158
1,0,0,0,-1.2402833212494253,1,2,0,0,2,0,0,0,0,0,1,3,-0.3505107842985467,-0.957984644510233
0,0,0,0,0.5573601044828717,1,2,1,0,0,0,0,2,2,0,0,0,1.0421216142238705,0.9359272607808616
1,1,1,0,-0.0963284139652362,1,0,1,0,2,2,0,0,0,0,1,3,0.493762158383111,0.0368560691700578
0,0,0,0,-1.1994277888464184,1,0,2,1,1,1,1,1,1,0,0,2,-1.5157746279601612,-0.9814298366919878
0,0,0,1,-0.8317279972193578,1,2,1,2,0,0,0,0,0,0,1,2,0.4486228129328043,-0.606571928896238
0,0,1,0,-0.464028205592297,1,2,1,2,0,2,0,2,2,0,1,0,1.3213168249720624,-0.0360206922016931
0,0,0,0,-1.0768611916373982,1,0,2,1,1,1,1,1,1,0,0,3,-1.494040869039643,-0.9537640679723298
1,0,0,1,1.2927596877369931,1,0,1,0,2,0,2,2,2,0,1,1,1.1457749259986485,1.7189215489696494
1,0,0,0,-0.4231726731892902,0,1,0,0,2,2,0,0,2,1,1,0,-0.7066100650731864,-0.6090689192040027
1,0,0,0,-0.3414616083832767,1,2,1,0,2,0,0,2,2,0,1,0,1.1624932020913543,0.0544012931024926
1,1,1,0,-0.790872464816351,1,0,1,0,2,0,2,0,2,0,1,0,0.8080657489259852,-0.4916219857016206
1,0,0,0,-1.0360056592343916,1,2,1,0,2,0,0,2,2,0,1,2,1.167508684919166,-0.7108709930789744
0,0,1,0,1.619603946961047,1,2,1,2,2,2,2,2,2,2,1,1,1.7476328653360678,2.761160883978748
0,0,0,0,-1.2402833212494253,1,0,0,0,2,0,0,2,0,0,1,2,-0.1967026442456506,-0.9579625472508722
0,0,0,0,-0.7500169324133442,1,0,1,0,2,0,0,0,2,0,1,2,0.7161152304161017,-0.4864954215299267
1,0,0,0,-1.117716724040405,1,2,1,0,2,2,0,0,0,0,1,2,0.6826786782306895,-0.8209595392142269
0,1,1,0,1.5378928821550335,1,2,1,2,2,2,2,2,2,2,1,2,1.630604932687125,2.401041848176617
1,1,1,0,1.619603946961047,1,2,1,2,2,2,2,2,2,0,1,1,1.605527518548066,2.554330536362135
0,0,0,0,1.3744707525430069,1,2,1,2,2,2,2,0,2,0,1,0,1.2778493071310262,1.90621791931136
0,0,0,0,0.2713713776618244,1,0,1,2,0,2,2,2,0,1,1,2,1.0254033381311645,0.6236266942353926
1,0,0,0,0.9659154285129392,1,2,1,0,2,0,2,0,2,0,1,2,0.9886231307272112,1.256381716030447
0,0,1,1,1.2110486229309796,1,0,1,0,2,2,0,2,2,0,1,2,1.1792114781840606,1.7684636044564492
0,0,0,0,-1.281138853652432,1,0,0,0,0,0,0,0,0,0,1,3,-0.6547834091857976,-0.9883904733906238
1,0,0,1,-0.8317279972193578,1,2,1,0,0,0,0,0,0,0,1,1,0.296486500489179,-0.6232995542323252
1,1,1,0,-0.2188950111742565,1,2,1,0,2,2,0,0,2,0,1,2,1.0254033381311645,0.1009602185755912
0,1,1,0,0.5982156368858784,1,2,1,0,0,2,0,2,2,0,0,2,1.1641650297006252,1.0895916023755114
1,0,0,0,0.9659154285129392,1,2,2,1,1,1,1,1,1,1,0,2,-1.336889073768206,-0.4188557106266733
1,0,1,1,1.3744707525430069,1,0,2,1,1,1,1,1,1,2,1,3,-1.5090873175230786,-0.4142152861609161
1,0,1,0,1.619603946961047,1,2,1,0,2,2,2,2,2,2,1,2,1.4550630337137112,2.40318528233461
0,1,0,0,-0.8725835296223645,1,0,1,0,0,0,0,2,2,0,0,0,0.8297995078465034,-0.5453846177263234
1,1,0,0,-0.954294594428378,1,2,1,0,0,0,0,0,2,0,1,1,0.6525857812638188,-0.6846857407364866
0,0,1,1,-1.1994277888464184,0,1,0,2,0,0,0,0,0,0,0,1,-1.1763936232782273,-0.9678842167038488
0,1,0,0,0.679926701691892,1,2,1,2,2,2,2,0,2,1,0,0,1.274505651912485,1.27476663581859
1,1,0,0,0.2713713776618244,1,2,1,0,0,0,0,2,2,0,1,0,1.0287469933497058,0.6528834656290248
0,0,1,1,-1.281138853652432,1,2,1,2,0,2,0,2,2,0,1,2,1.2561155482105086,-0.9631333059412877
0,0,0,1,-1.1994277888464184,1,0,2,1,1,1,1,1,1,1,1,1,-1.4823380757747489,-0.9830429366253224
1,0,1,1,-0.0554728815622295,1,0,0,0,0,2,2,0,0,0,0,3,-0.3521826119078172,-0.2805268670283832
0,0,1,0,-0.7500169324133442,1,0,1,2,2,0,2,2,2,1,0,3,1.3731434808594511,-0.4122707273371701
0,0,0,0,0.9659154285129392,1,2,1,2,2,0,0,2,2,0,1,1,1.394877239779969,1.596392245814295
1,0,1,1,-0.8725835296223645,1,0,0,0,0,2,0,2,0,0,1,0,-0.1749688853251327,-0.7064515412068245
0,0,0,0,0.3530824424678379,1,0,2,1,1,1,1,1,1,2,0,3,-1.4789944205562076,-0.6393200672688684
0,0,1,0,0.8433488313039189,1,0,2,1,1,1,1,1,1,1,0,0,-1.4739789377283958,-0.5568309980751915
0,0,0,0,-0.8317279972193578,1,2,1,0,0,2,0,2,2,0,1,0,1.1792114781840606,-0.4938538088970562
1,0,1,1,0.7207822340948987,1,2,1,2,0,2,0,2,2,0,0,1,1.3731434808594511,1.3523722106935414
0,1,1,0,0.7616377664979054,1,2,1,2,0,0,0,0,0,0,1,2,0.4218735711844746,0.6742294181715084
1,0,0,0,1.619603946961047,1,2,1,0,2,2,0,2,2,2,1,2,1.296239410833003,2.3657525249775007
0,0,0,0,-1.281138853652432,1,0,0,0,2,0,0,0,0,0,0,2,-0.4792415102123836,-0.9860702611577452
0,0,1,1,1.5787484145580404,1,0,2,1,1,1,1,1,1,2,0,0,-1.5057436623045373,-0.4222365913088681
1,0,0,0,-1.2402833212494253,1,0,1,0,0,0,0,0,0,0,1,1,0.214566947634919,-0.9386937370882988
0,0,0,0,-0.790872464816351,1,2,1,0,0,0,0,0,2,0,1,2,0.6592730917009009,-0.515553317589312
0,0,1,0,0.679926701691892,1,0,2,1,1,1,1,1,1,1,0,0,-1.48568173099329,-0.6102621712094831
0,0,0,0,-0.3414616083832767,1,0,0,2,0,0,2,0,0,0,0,1,-0.2853095075369928,-0.3979958977901261
0,0,1,0,1.415326284946013,1,0,2,1,1,1,1,1,1,2,0,3,-1.51243097274162,-0.4183253764020154
1,0,0,0,-0.9951501268313848,1,0,1,0,0,0,0,0,0,0,1,3,0.1744430850124243,-0.764744111400481
0,0,1,0,-1.2402833212494253,1,2,1,0,0,2,2,2,2,0,1,2,1.3213168249720624,-0.9011062989156644
0,0,1,1,-0.7091614000103375,1,0,2,1,1,1,1,1,1,0,0,3,-1.507415489913808,-0.8877816515211326
1,0,1,0,-1.117716724040405,1,0,2,1,1,1,1,1,1,0,0,3,-1.5224619383972433,-0.952703399523014
1,0,1,1,1.2110486229309796,1,2,1,2,2,0,0,2,0,1,1,1,1.0053414068199171,1.5512696421996452
0,1,1,0,-0.2597505435772633,1,2,1,0,2,2,0,0,2,0,1,2,0.9685611994159636,0.0441039702403836
1,0,0,0,-1.281138853652432,1,0,1,0,0,0,0,0,0,0,0,3,0.1911613611051304,-0.9772092601540848
0,0,0,0,-0.3823171407862835,1,2,1,2,0,0,0,2,0,0,1,0,0.8415023011113973,-0.0494779231523892
0,0,0,0,-0.9951501268313848,1,0,0,0,2,0,2,2,0,0,1,2,0.018963117350258,-0.7633740813201145
1,0,0,0,1.4970373497520268,1,0,2,1,1,1,1,1,1,2,0,1,-1.502400007085996,-0.3899745926421742
1,0,0,0,-1.281138853652432,1,0,1,0,0,0,0,2,2,0,1,2,0.8582205772041035,-0.9683924536691456
0,0,1,1,-1.1585722564434118,1,0,1,0,0,0,0,2,0,0,1,3,0.4686847442440519,-0.875937520503771
1,1,0,0,1.415326284946013,1,0,1,2,2,0,2,2,2,2,1,2,1.34305058389258,2.161087708778241
0,0,0,1,-1.1994277888464184,1,0,0,2,0,0,2,0,2,0,1,0,-0.0128016072258836,-0.9300095141595244
1,0,1,1,0.7616377664979054,0,1,0,2,2,2,0,2,2,1,0,2,-0.186671678590027,0.3238994682661903
1,1,0,0,-0.5048837379953037,1,0,0,2,0,0,2,0,0,1,0,3,-0.3638854051727115,-0.5417606671911606
0,0,0,0,0.9250598961099324,1,0,0,0,2,2,0,0,2,2,1,3,-0.0044424691795306,0.5901493463038576
1,0,0,0,-1.281138853652432,1,2,0,0,0,2,2,0,0,0,0,3,-0.0947211600801435,-0.9809878915047728
0,0,1,0,-0.2597505435772633,1,2,1,0,2,0,0,0,0,0,0,0,0.4820593651182164,-0.117537481983497
1,0,0,0,-1.281138853652432,0,1,0,0,0,0,0,0,2,0,0,2,-0.969086999728672,-0.9925447581504449
1,0,0,0,-1.281138853652432,0,1,0,0,0,0,0,0,0,0,1,2,-1.328529935721853,-0.9972956689130058
1,0,0,0,-0.9134390620253712,0,1,0,0,0,0,0,0,2,0,1,3,-1.0359601040994963,-0.8765120492471505
1,0,0,0,-0.6683058676073308,1,2,1,0,2,0,0,0,0,0,1,3,0.5238550553499817,-0.4564652460586685
1,0,0,1,-1.281138853652432,0,1,0,0,0,0,0,0,0,0,0,2,-1.3419045565960177,-0.9974724469878918
1,0,0,1,-1.281138853652432,0,1,0,0,0,0,0,0,0,0,1,2,-1.343576384205288,-0.9974945442472528
1,0,0,0,-1.281138853652432,1,0,1,0,0,0,0,0,2,0,1,2,0.5322141933963347,-0.9727014192444918
0,0,1,0,1.2110486229309796,1,0,1,2,0,2,2,2,2,1,1,2,1.3179731697535209,1.9144601970529196
0,0,0,0,-1.0768611916373982,1,0,0,0,0,0,0,0,2,0,1,2,-0.3304488529872993,-0.8579724486434819
1,0,0,0,0.1079492480497974,1,0,2,1,1,1,1,1,1,2,1,3,-1.494040869039643,-0.7059433042415273
0,0,1,1,1.415326284946013,0,1,0,2,2,0,0,0,0,2,0,0,-0.9607278616823188,0.0674828706440561
1,0,0,0,-0.627450335204324,1,2,1,2,2,2,2,2,0,0,1,0,1.3965490673892398,-0.2694340428292872
1,0,0,0,-1.117716724040405,1,0,0,0,0,2,0,2,2,1,1,3,0.1710994297938833,-0.854878832332977
1,0,0,0,-1.1585722564434118,1,0,2,1,1,1,1,1,1,1,0,3,-1.510759145132349,-0.9563494473175376
0,0,1,0,-0.627450335204324,1,2,1,0,0,0,0,2,2,0,0,2,0.9267655091841984,-0.3102697781279517
1,0,0,0,0.5573601044828717,1,2,1,0,0,0,0,0,0,0,0,0,0.2647217759130373,0.4276461009649079
0,1,1,0,0.3939379748708447,1,0,1,2,0,0,0,0,0,0,1,1,0.309861121363344,0.4188071972206082
0,0,1,1,1.619603946961047,1,2,2,1,1,1,1,1,1,2,1,0,-1.3653101431258063,-0.2530599736429719
1,1,0,0,-1.2402833212494253,1,0,0,2,0,2,0,2,0,0,0,0,0.0507278419263996,-0.966624672920286
1,0,0,0,-1.1994277888464184,1,0,1,0,0,0,0,2,0,0,0,2,0.4803875375089459,-0.8901460582727329
1,0,1,0,0.8433488313039189,1,2,1,2,0,2,0,0,2,0,0,2,0.9702330270252344,1.214220145170137
1,0,0,0,-0.8317279972193578,1,2,1,0,2,2,2,2,2,0,1,3,1.6071993461573364,-0.3964269923755129
1,0,0,0,-1.281138853652432,1,0,2,1,1,1,1,1,1,0,0,3,-1.4840099033840195,-0.9993507140335556
1,0,1,1,0.9659154285129392,1,2,1,0,0,2,2,2,2,2,1,2,1.2811929623495677,1.5874649530325524
0,0,1,0,1.4970373497520268,1,2,1,2,0,0,0,2,2,2,0,0,1.1457749259986485,2.030117252547081
0,0,0,0,-0.8725835296223645,1,2,1,0,0,2,0,2,2,0,1,0,1.1023074081576123,-0.5198843804240189
0,0,0,0,0.1488047804528042,1,0,2,1,1,1,1,1,1,1,1,0,-1.5258055936157846,-0.7079762521027163
1,0,1,1,1.619603946961047,1,2,1,2,2,0,2,0,2,2,1,1,1.0989637529390712,2.081493380560823
0,0,0,0,-1.0360056592343916,1,0,2,1,1,1,1,1,1,0,0,3,-1.4990563518674551,-0.9355559262590726
0,1,1,0,1.5787484145580404,1,0,1,0,2,2,0,0,2,2,0,1,0.8214403698001502,1.8356171756537665
1,0,0,0,0.4347935072738514,1,2,1,0,2,0,0,0,0,0,1,2,0.4335763644493687,0.4791106180160928
0,1,0,0,-1.2402833212494253,1,0,1,0,0,0,0,0,0,0,0,2,0.1961768439329424,-0.9399753781312224
0,0,1,0,1.619603946961047,1,2,0,2,2,2,0,2,2,2,1,1,0.5940718149393476,1.607617653569556
1,0,0,0,-0.790872464816351,1,0,2,1,1,1,1,1,1,1,0,3,-1.5191182831787022,-0.8889970007859739
0,1,0,0,-1.281138853652432,0,1,0,0,0,0,0,2,0,0,1,2,-0.9506968960266952,-0.9923016882974766
1,0,1,1,0.7207822340948987,1,2,1,2,2,2,0,2,2,1,1,2,1.4500475508858992,1.3919704994680038
0,0,1,1,1.006770960915946,1,0,2,1,1,1,1,1,1,2,0,0,-1.5174464555694316,-0.4923953897792468
0,0,1,1,0.2713713776618244,1,2,1,0,2,2,2,0,0,1,1,2,0.8247840250186913,0.52710586534764
1,0,0,0,-1.281138853652432,1,0,2,1,1,1,1,1,1,0,0,3,-1.48568173099329,-0.9993728112929164
0,0,0,0,-1.117716724040405,1,2,1,0,0,0,0,0,0,0,0,2,0.3566722944229208,-0.8255999636799843
1,0,0,1,1.5787484145580404,1,2,1,2,0,2,0,2,2,2,0,0,1.3982208949985102,2.254139267946357
1,0,0,0,-1.281138853652432,1,0,0,2,0,0,0,0,0,0,0,2,-0.5661765458944551,-0.9872193186445044
1,0,1,0,0.679926701691892,1,2,1,2,2,0,0,2,0,0,1,0,0.9685611994159636,1.0833601752357804
0,0,1,0,0.2713713776618244,1,0,1,2,0,2,2,2,2,1,1,1,1.331347790627686,0.818966466984416
1,0,0,1,-0.790872464816351,1,0,0,0,0,0,0,0,0,0,0,3,-0.6982509270268332,-0.7170140311812627
0,0,0,0,-1.281138853652432,1,0,2,1,1,1,1,1,1,0,0,3,-1.5040718346952668,-0.9996158811458844
1,0,0,0,1.33361522014,1,0,2,1,1,1,1,1,1,2,1,1,-1.5157746279601612,-0.4698340879719218
0,0,1,0,1.4970373497520268,1,2,1,0,0,2,2,2,2,2,0,0,1.3530815495482036,2.1915598294367147
0,1,0,0,-1.1585722564434118,1,0,1,0,0,0,0,2,0,0,1,2,0.4670129166347809,-0.8790090395549153
0,0,0,0,0.1488047804528042,1,2,0,0,0,2,0,0,0,1,0,2,-0.3036996112389696,-0.1503740093935703
1,1,1,0,-1.0768611916373982,1,0,1,0,2,0,0,0,2,0,1,2,0.6458984708267363,-0.7789747464288035
1,0,0,0,-1.281138853652432,1,0,1,0,0,0,0,0,0,0,1,2,0.1677557745753423,-0.9775186217851352
0,0,0,0,-1.2402833212494253,1,0,0,0,2,0,0,0,0,0,1,1,-0.5293963384905018,-0.9681493838161777
1,0,0,0,-1.2402833212494253,0,1,0,0,0,2,0,2,2,0,1,2,-0.5227090280534193,-0.9684808427065889
1,0,0,1,-0.0963284139652362,1,0,0,0,2,2,0,2,0,1,0,1,-0.0128016072258836,-0.1554784763059034
1,0,0,0,1.0476264933189527,1,0,2,1,1,1,1,1,1,2,0,3,-1.4739789377283958,-0.4726625371700977
0,0,0,0,-1.281138853652432,1,0,1,0,0,0,0,0,0,0,1,2,0.1443501880455537,-0.9778279834161858
1,0,0,0,-0.627450335204324,1,0,1,0,0,2,0,0,0,0,1,2,0.3934525018268744,-0.4278934897052198
1,0,0,0,-0.0963284139652362,1,2,1,2,2,2,2,0,0,0,1,1,1.0070132344291878,0.252193861640559
0,1,1,0,-0.2597505435772633,1,2,1,0,0,2,0,2,2,0,1,0,1.110666546203965,0.1011811911691987
1,1,1,0,0.679926701691892,1,2,1,0,2,0,0,0,2,0,0,1,0.8415023011113973,1.0012246621918754
1,0,1,0,-1.1994277888464184,0,1,0,0,2,0,0,0,0,0,0,1,-1.1730499680596862,-0.966690964698368
0,1,0,0,0.9659154285129392,1,2,1,0,2,2,0,2,2,1,1,0,1.3330196182369565,1.4269946555547914
0,0,1,0,1.415326284946013,1,0,2,1,1,1,1,1,1,1,1,0,-1.4723071101191252,-0.4217725488622922
0,0,1,1,-0.4231726731892902,1,0,0,0,2,0,2,0,0,0,0,2,-0.3254333701594875,-0.4754025973308307
0,0,0,0,-1.1585722564434118,1,0,0,0,0,0,0,0,0,0,0,3,-0.6430806159209033,-0.9239769623540398
0,0,1,1,-1.281138853652432,1,0,2,1,1,1,1,1,1,2,0,3,-1.4890253862118312,-0.9994170058116378
1,0,0,0,-0.0554728815622295,0,1,0,0,0,2,0,2,2,1,1,2,-0.4959597863050897,-0.3351512921681553
1,1,1,0,0.4756490396768582,1,0,2,1,1,1,1,1,1,2,1,1,-1.5224619383972433,-0.633972530503567
1,1,1,0,-0.8725835296223645,1,0,2,1,1,1,1,1,1,0,0,3,-1.502400007085996,-0.9135028614170448
1,0,1,0,0.3939379748708447,1,2,0,2,0,0,0,0,0,1,0,1,-0.2936686455833459,0.0464462797326229
1,0,0,0,1.5787484145580404,1,2,1,0,0,2,2,0,0,2,1,1,0.7194588856346432,1.7192751051194215
1,0,0,0,-0.2597505435772633,0,1,0,2,0,0,2,2,2,1,0,1,-0.3454953014707349,-0.4061055919755211
1,0,1,1,-1.281138853652432,1,0,2,1,1,1,1,1,1,1,0,1,-1.5057436623045373,-0.9996379784052452
0,0,0,0,-1.281138853652432,1,0,1,0,0,0,0,0,0,0,1,2,0.1543811537011772,-0.9776953998600212
1,0,0,1,-1.281138853652432,1,0,1,0,0,0,0,0,0,0,0,0,0.1627402917475302,-0.9775849135632176
1,0,1,1,-0.6683058676073308,1,2,0,2,2,0,2,2,2,0,0,2,0.669304057356525,-0.3904607323481106
0,0,1,0,0.8433488313039189,1,0,1,2,2,2,2,2,2,1,0,2,1.5252797933030764,1.570560549621579
0,0,0,0,-1.0768611916373982,1,0,1,0,0,0,0,0,0,0,1,3,0.1460220156548242,-0.8235007240407132
1,0,1,0,0.9659154285129392,1,0,2,1,1,1,1,1,1,1,0,1,-1.502400007085996,-0.510448850676979
0,1,1,0,1.33361522014,1,2,1,0,2,2,0,2,2,0,1,0,1.4684376545878757,2.121644100819304
1,0,1,1,-0.4231726731892902,1,0,0,2,0,2,2,2,0,1,1,0,0.0875080493303528,-0.3260251240521659
1,0,1,1,1.4561818173490202,1,2,0,0,2,0,2,0,2,2,0,1,0.1978486715422129,1.139420922234001
1,0,0,0,-1.2402833212494253,1,0,2,1,1,1,1,1,1,0,0,3,-1.4890253862118312,-0.9937380101559252
1,0,0,0,1.619603946961047,0,1,0,2,0,2,2,2,2,2,1,1,-0.1231422294377437,0.9318392677991229
1,0,0,0,-1.281138853652432,1,0,0,2,0,0,0,0,0,0,1,3,-0.546114614583208,-0.9869541515321753
0,1,1,0,0.0670937156467907,1,0,0,0,0,2,2,2,0,1,0,0,-0.0228325728815072,-0.0775414425405408
0,0,0,0,-1.281138853652432,1,0,1,0,0,0,0,0,0,0,1,2,0.1995204991514834,-0.977098773857281
1,1,0,1,-1.281138853652432,1,0,0,0,0,2,0,0,0,0,1,3,-0.4926161310865484,-0.9862470392326312
1,0,1,0,0.0262381832437839,1,2,1,0,2,2,0,0,2,0,1,2,0.9518429233232576,0.3580839284972693
1,0,0,0,-1.1585722564434118,1,2,1,0,2,0,0,0,0,0,0,2,0.4536382957606163,-0.862546581331157
1,1,0,0,0.1488047804528042,1,2,1,2,0,0,0,2,0,0,1,2,0.868251542859727,0.3999361377265282
0,1,0,0,0.5165045720798649,1,2,1,0,0,2,0,2,2,1,1,0,1.246084582554885,1.084354551907014
1,0,0,0,-1.281138853652432,1,2,2,1,1,1,1,1,1,0,1,3,-1.3653101431258063,-0.9977818086189424
1,0,0,0,-0.790872464816351,1,2,1,2,0,0,0,2,2,0,0,3,1.1123383738132362,-0.464707523800228
0,0,0,1,-0.464028205592297,1,0,0,2,0,2,0,0,2,1,0,3,-0.0010988139609895,-0.4176182641024714
1,0,1,0,-0.8317279972193578,1,0,2,1,1,1,1,1,1,1,0,0,-1.507415489913808,-0.919027176257232
0,1,1,0,-0.2597505435772633,1,0,0,0,0,2,0,0,2,1,0,3,-0.1398605055304498,-0.3024473483142464
0,0,1,1,1.170193090527973,1,2,1,2,2,2,2,2,2,2,0,1,1.6790879333559725,2.088807573409231
1,0,1,1,1.5378928821550335,1,0,2,1,1,1,1,1,1,2,0,1,-1.4990563518674551,-0.40725464946228
1,1,0,0,-1.117716724040405,1,0,1,0,0,0,0,0,0,0,1,3,0.1794585678402363,-0.8617289827348092
1,0,1,1,0.4756490396768582,0,1,0,2,2,2,2,0,2,2,1,1,-0.3622135775634409,0.0412976183015683
0,1,1,0,-0.8725835296223645,1,2,1,0,0,2,2,2,2,0,1,0,1.3096140317071678,-0.5073994288851955
0,0,1,1,1.3744707525430069,1,0,0,2,2,0,2,0,0,2,1,1,-0.2234518859939802,0.6757541290674002
1,1,0,0,-1.281138853652432,1,0,0,0,0,0,0,0,0,0,0,2,-0.6614707196228798,-0.9884788624280668
1,0,0,0,-0.954294594428378,1,2,1,0,0,0,0,2,0,0,1,2,0.68435050583996,-0.6731509713501755
0,0,1,1,-0.8317279972193578,0,1,0,0,2,0,0,0,0,0,0,3,-1.193111899370933,-0.871805333003311
0,1,1,0,-1.0360056592343916,1,2,1,0,0,0,0,0,2,0,1,2,0.6576012640916304,-0.7225383460214501
0,0,0,0,-0.8317279972193578,1,2,0,0,0,0,2,2,2,1,0,3,0.3065174661448026,-0.6227471227483065
1,0,1,1,-0.1780394787712498,1,0,2,1,1,1,1,1,1,2,1,1,-1.490697213821102,-0.792763436269911
0,0,1,1,-1.281138853652432,1,0,2,1,1,1,1,1,1,0,0,3,-1.4990563518674551,-0.999549589367802
1,0,1,1,-1.0360056592343916,1,0,0,2,0,0,0,0,0,1,1,2,-0.5059907519607133,-0.8619941498471384
0,0,1,0,-0.954294594428378,0,1,0,0,0,2,0,2,2,0,1,2,-0.5394273041461254,-0.8129824285849965
0,0,0,0,1.2110486229309796,1,0,2,1,1,1,1,1,1,2,1,1,-1.5274774212250553,-0.5118188807573454
1,1,1,0,-0.9951501268313848,1,0,0,0,0,2,2,0,2,0,1,1,-0.0161452624444246,-0.7513310749685062
0,0,0,1,0.3122269100648312,1,0,0,2,0,0,2,2,0,0,1,1,-0.0261762281000487,0.0789292509929243
0,0,0,0,-0.5865948028013173,1,0,1,0,0,0,0,0,0,0,1,2,0.1644121193568008,-0.4685082524102769
0,0,0,0,-1.1585722564434118,1,0,0,0,0,0,0,0,0,0,1,3,-0.631377822656009,-0.9228500021266416
1,0,0,0,-1.1585722564434118,1,2,1,0,0,0,0,0,0,0,1,2,0.3733905705156269,-0.8674742701686041
1,0,0,0,0.8842043637069257,1,2,1,0,0,2,0,0,2,0,0,1,0.8197685421908798,1.143641498771904
0,0,1,0,0.3530824424678379,1,2,1,2,2,2,2,2,2,0,1,0,1.6289331050778542,1.02230544762203
1,0,1,0,0.1896603128558109,1,2,0,2,0,2,0,2,2,1,0,3,0.4803875375089459,0.2784454057611292
1,0,0,0,-0.5048837379953037,1,2,1,0,0,2,0,2,0,0,1,1,0.8632360600319154,-0.2211515311260501
0,0,1,0,-0.3823171407862835,1,0,0,0,0,0,2,2,0,1,0,0,-0.1632660920602384,-0.4130441314147963
0,0,1,0,-1.281138853652432,1,0,2,1,1,1,1,1,1,0,1,0,-1.490697213821102,-0.9994391030709984
1,1,0,0,1.5787484145580404,1,2,1,0,2,0,2,2,2,2,1,2,1.4015645502170513,2.3606259608058067
1,0,1,0,-1.281138853652432,1,0,0,0,0,0,0,0,0,0,0,1,-0.6748453404970447,-0.988655640502953
0,0,0,1,-0.627450335204324,1,2,0,0,0,2,0,0,0,1,1,3,-0.3020277836296989,-0.5940869773574148
1,1,0,0,-0.9951501268313848,1,0,1,0,0,0,0,0,0,0,1,2,0.1610684641382597,-0.7605456321219387
1,0,1,0,1.415326284946013,1,2,1,0,2,2,0,0,2,2,1,2,0.9451556128861754,1.8059847508510012
0,0,0,0,0.3530824424678379,1,0,2,1,1,1,1,1,1,0,0,2,-1.48568173099329,-0.6656379031675208
0,0,0,0,-1.281138853652432,1,0,1,0,2,2,0,0,0,0,1,2,0.582369021674453,-0.9720385014636692
1,1,0,0,-0.9134390620253712,1,0,1,0,2,0,0,0,0,0,1,2,0.2663936035223078,-0.7040650371958636
1,1,1,0,-0.137183946368243,1,2,1,0,2,2,0,0,2,0,1,2,1.037106131396059,0.2048173375711126
1,0,0,0,-0.9134390620253712,1,0,0,0,0,0,0,0,2,0,1,0,-0.271934886662828,-0.7860016749055218
1,0,0,0,-1.117716724040405,1,0,1,0,0,0,0,2,0,0,1,3,0.5088086068665462,-0.8322733360069307
1,0,1,1,-0.1780394787712498,1,2,0,0,2,0,0,0,2,0,0,2,-0.0161452624444246,-0.2119590712319783
1,0,1,1,0.5165045720798649,1,0,0,2,0,0,2,0,0,2,0,0,-0.3421516462521936,0.120184834219443
1,0,1,1,1.619603946961047,1,2,1,2,2,2,2,2,2,2,1,1,1.595496552892442,2.583123265309191
1,0,1,0,-0.3823171407862835,1,2,1,2,2,2,0,2,0,0,1,2,1.1491185812171896,-0.0421416330446206
0,0,0,0,0.8024932989009121,1,2,1,2,2,0,2,2,2,1,1,1,1.5503572074421357,1.6063360125266322
1,0,1,1,1.2519041553339865,1,2,2,1,1,1,1,1,1,2,0,3,-1.3251862805033117,-0.3132087136229314
1,0,1,1,-0.7500169324133442,1,0,0,2,2,0,0,2,0,0,1,2,0.018963117350258,-0.5940427828386933
1,0,1,0,-0.3823171407862835,1,0,0,2,0,0,0,0,2,0,1,0,-0.1649379196695089,-0.3870356571471945
0,1,1,0,-1.281138853652432,1,2,1,0,2,0,0,2,0,0,1,2,0.859892404813374,-0.9683703564097852
0,0,1,0,1.33361522014,1,0,0,2,2,2,0,0,2,2,0,0,0.2045359819792955,0.930049389790902
0,0,1,0,1.0884820257219594,1,2,1,0,2,0,0,2,2,0,0,2,1.2109762027602018,1.660894145888322
0,0,0,0,-0.9951501268313848,1,2,1,0,0,0,0,2,0,0,1,2,0.7411926445551609,-0.6716041631949231
1,1,0,0,-0.954294594428378,1,2,0,2,0,0,0,0,0,0,0,2,-0.3454953014707349,-0.7900675706278997
1,0,0,0,-1.281138853652432,1,0,1,0,0,0,0,2,0,0,1,2,0.4904185031645695,-0.9732538507285106
0,0,0,0,-1.281138853652432,1,0,0,0,0,0,0,0,0,0,0,3,-0.6999227546361038,-0.9889870993933642
0,1,1,0,-0.2188950111742565,1,2,1,2,0,0,2,2,2,0,1,0,1.3179731697535209,0.258977720264309
0,0,0,0,-0.7091614000103375,1,0,2,1,1,1,1,1,1,0,0,3,-1.5040718346952668,-0.8667892551284209
0,0,1,1,-0.7091614000103375,1,0,0,0,0,0,0,0,0,0,0,2,-0.6213468570003854,-0.7258087404068408
1,0,1,0,-0.30060607598027,1,2,0,0,0,2,0,0,0,0,0,1,-0.3120587492853227,-0.387345018778245
0,0,0,0,-1.1994277888464184,1,2,1,0,0,0,0,0,0,0,1,2,0.3550004668136503,-0.9109174820718372
0,1,0,0,-1.117716724040405,1,2,1,0,0,0,0,2,0,0,1,1,0.6107900910320536,-0.8112809396142189
0,0,0,0,0.8024932989009121,1,0,0,0,0,2,0,0,2,0,1,2,-0.181656195762215,0.3367379759547855
0,0,1,0,-0.3414616083832767,1,2,1,0,0,0,0,0,0,0,1,1,0.3516568115951092,-0.2359566948977521
0,0,1,1,-1.281138853652432,1,0,2,1,1,1,1,1,1,0,1,2,-1.5040718346952668,-0.9996158811458844
1,1,1,0,-1.281138853652432,0,1,0,0,0,0,0,0,0,0,0,2,-1.331873590940394,-0.9973398634317272
1,1,0,0,-0.954294594428378,1,2,1,0,2,0,0,2,2,0,1,1,1.155805891654272,-0.6020861852460059
1,0,0,0,0.9250598961099324,1,2,1,0,0,0,0,2,2,0,1,2,1.0671990283629296,1.3268056816131544
1,0,0,0,-1.1994277888464184,1,0,1,0,2,2,2,2,2,0,1,2,1.4400165852302755,-0.8676068537247686
0,0,1,0,1.5787484145580404,0,1,0,0,0,2,2,0,2,2,1,2,-0.5962694428613262,0.4339217226233606
1,0,0,0,-1.0360056592343916,1,0,2,1,1,1,1,1,1,0,0,2,-1.5258055936157846,-0.9587801458472198
0,1,1,0,-1.281138853652432,1,0,0,0,0,0,0,0,0,0,0,2,-0.631377822656009,-0.9880811117595734
1,0,0,0,-0.7091614000103375,1,0,2,1,1,1,1,1,1,0,0,3,-1.5090873175230786,-0.8707004700352735
1,0,1,0,-0.3823171407862835,1,0,2,1,1,1,1,1,1,1,0,1,-1.5241337660065142,-0.7935368403475372
0,0,0,0,-0.7091614000103375,1,2,0,2,0,0,0,0,0,0,1,3,-0.3070432664575107,-0.6107483109154197
1,1,0,0,0.2305158452588177,1,0,0,0,2,2,2,2,0,1,1,1,0.1761149126216953,0.0952812229198787
1,1,1,0,-0.3414616083832767,1,2,1,0,2,2,0,2,2,0,1,2,1.3163013421442504,0.067239800791088
0,0,0,0,-1.2402833212494253,1,0,1,0,0,0,0,2,0,0,1,2,0.497105813601652,-0.9357106070745976
1,0,0,0,-1.117716724040405,0,1,0,2,2,2,2,0,0,0,1,3,-0.7233283411658924,-0.9116245943713812
1,0,0,0,-0.2597505435772633,1,0,2,1,1,1,1,1,1,1,1,0,-1.5141028003508905,-0.7998787537840722
1,0,1,1,-0.4231726731892902,1,0,1,2,0,0,0,0,0,0,0,0,0.3382821907209442,-0.3128109629544378
0,0,1,1,-1.1585722564434118,1,2,1,0,2,0,0,2,2,0,1,2,1.1056510633761538,-0.8384826658873011
1,0,0,0,-1.281138853652432,1,0,1,0,0,0,0,0,0,0,1,2,0.1660839469660713,-0.977540719044496
0,1,1,0,1.0476264933189527,1,2,1,0,0,0,2,2,2,0,1,0,1.1875706162304136,1.532685847077255
1,0,0,0,0.7616377664979054,1,2,0,2,2,2,2,2,0,1,1,1,0.5439169866612293,0.8151436411150061
0,1,1,0,-1.117716724040405,1,2,1,0,2,0,0,0,0,0,1,2,0.5389015038334173,-0.8441616615430136
1,1,0,0,-0.954294594428378,1,0,1,0,0,0,0,0,2,0,1,2,0.4904185031645695,-0.6908508760981356
0,0,0,0,0.8842043637069257,1,2,1,0,0,0,2,2,2,0,1,2,1.1775396505747897,1.396168978746546
1,0,0,1,-1.1994277888464184,1,0,2,1,1,1,1,1,1,0,0,0,-1.494040869039643,-0.9860481638983845
0,0,0,0,-0.137183946368243,0,1,0,2,2,0,2,0,0,1,0,1,-0.848715411861188,-0.5298944389144382
0,0,0,0,-1.2402833212494253,1,0,0,0,0,2,2,2,2,0,0,2,0.3850933637805214,-0.9373458042672932
0,0,0,0,-0.0963284139652362,1,2,1,0,2,0,0,2,2,0,1,2,1.1808833057933312,0.310265459240608
0,0,1,0,1.4970373497520268,1,0,1,2,2,0,2,2,2,1,1,1,1.3881899293428868,2.196531712792883
0,1,0,0,-0.7091614000103375,1,2,0,0,0,0,2,0,0,0,0,1,-0.3304488529872993,-0.6738138891309979
0,1,1,0,0.1079492480497974,1,2,1,2,2,0,2,2,0,0,1,0,1.190914271448955,0.6061698593404008
0,0,0,0,-1.2402833212494253,1,0,1,0,0,0,0,2,0,0,1,3,0.493762158383111,-0.9409255602837346
0,0,1,1,-1.2402833212494253,1,0,0,0,0,0,0,2,2,0,0,3,0.027322255396611,-0.9490352544691296
0,0,1,0,-0.8725835296223645,1,2,1,2,0,0,2,2,0,0,1,1,1.0471370970516825,-0.4683314743353909
1,0,0,0,-1.281138853652432,1,0,2,1,1,1,1,1,1,0,1,3,-1.5241337660065142,-0.9998810482582134
0,0,0,0,-1.1585722564434118,1,0,0,0,2,0,0,0,0,0,0,1,-0.4742260273845716,-0.9415442835458354
1,0,0,0,-0.8725835296223645,1,2,2,1,1,1,1,1,1,0,0,1,-1.3954030400926771,-0.9000456304663484
0,0,0,0,-1.0360056592343916,1,0,1,0,0,0,0,0,2,0,1,2,0.4820593651182164,-0.7772069656799435
0,0,0,0,-1.1994277888464184,1,0,0,2,2,0,0,0,0,0,0,2,-0.318746059722405,-0.9354012454435472
0,0,0,1,-1.1585722564434118,0,1,0,2,2,2,0,2,2,0,1,3,-0.2568884381793924,-0.90952535473211
1,1,0,0,0.5982156368858784,1,2,1,0,0,0,0,2,0,0,1,1,0.7077560923697487,0.6999727253267812
0,0,1,1,-0.6683058676073308,1,0,1,0,2,2,0,2,0,0,1,1,0.8214403698001502,-0.3763184863572311
0,0,0,0,-0.137183946368243,0,1,0,0,2,0,0,0,0,0,1,2,-1.1463007263113565,-0.6299508292999108
1,1,1,0,1.3744707525430069,1,2,1,0,0,0,2,2,2,0,1,1,1.175867822965519,2.028592541651189
0,0,1,0,1.619603946961047,0,1,0,0,2,2,0,2,2,2,1,2,-0.3571980947356289,0.7317264870281779
0,1,0,0,-1.281138853652432,1,0,1,0,2,0,0,0,0,0,1,2,0.2714090863501198,-0.9761485917047688
1,0,0,0,-0.954294594428378,1,0,1,0,0,0,0,0,2,0,1,2,0.5322141933963347,-0.6932594773684573
1,1,1,1,0.4347935072738514,1,2,1,0,2,2,2,2,2,0,1,0,1.5336389313494296,1.0633842527736628
0,0,0,0,-0.9951501268313848,1,0,0,2,0,0,0,2,0,0,1,2,-0.1632660920602384,-0.792851825307354
0,0,1,1,1.170193090527973,1,0,2,1,1,1,1,1,1,1,0,1,-1.5308210764435966,-0.5029136852349635
1,0,0,0,-0.7091614000103375,1,2,1,0,0,0,0,0,0,0,1,3,0.3717187429063563,-0.5086368754093975
1,0,1,1,1.619603946961047,1,2,0,2,0,0,0,0,0,2,0,0,-0.3204178873316757,0.7521222574181494
1,0,0,0,-0.9951501268313848,1,2,1,0,0,0,0,0,2,0,1,2,0.7244743684624547,-0.721300899497248
0,0,1,1,-0.3414616083832767,1,0,2,1,1,1,1,1,1,2,1,1,-1.4639479720727722,-0.7915701842644305
0,0,0,0,0.3530824424678379,1,0,0,2,0,2,2,2,2,1,1,0,0.500449468820193,0.459178890072697
1,0,0,0,-0.2597505435772633,1,2,1,0,0,0,2,0,0,0,1,2,0.5221832277407111,-0.085275483316803
1,0,0,0,-0.5048837379953037,1,0,0,0,0,0,2,0,0,0,0,3,-0.4976316139143602,-0.5651174703354725
1,0,0,0,-0.2597505435772633,1,2,1,2,2,0,0,2,0,0,1,1,0.9200781987471164,0.0300722105463079
0,0,0,0,1.5378928821550335,1,2,1,2,2,2,2,2,2,2,1,1,1.5737627939719243,2.4369719918971957
1,0,1,0,-1.281138853652432,1,0,1,0,0,0,0,0,0,0,1,2,0.1426783604362831,-0.9778500806755464
1,0,0,0,-0.7091614000103375,1,2,0,0,2,0,2,0,0,0,1,1,-0.2100772651198154,-0.5931146979455417
0,0,0,0,0.8842043637069257,1,2,1,0,2,0,0,2,2,2,1,0,1.0805736492370943,1.2585251501884394
0,0,0,1,0.7616377664979054,0,1,0,2,0,2,2,2,2,1,0,0,-0.1582506092324266,0.3514547506890445
1,1,0,0,0.7616377664979054,1,2,1,0,0,2,0,2,2,0,1,2,1.1006355805483417,1.162998697971921
0,0,1,0,-0.627450335204324,0,1,0,0,2,2,0,0,0,0,1,1,-0.977446137775025,-0.722891902171222
1,0,0,0,-1.281138853652432,1,0,2,1,1,1,1,1,1,0,0,2,-1.502400007085996,-0.999593783886524
0,1,1,0,-1.281138853652432,1,2,1,0,0,2,0,2,2,0,1,2,1.2009452371045783,-0.9638625155001922
0,0,0,0,1.415326284946013,1,0,0,2,2,0,2,0,0,1,0,1,-0.1465478159675323,0.7019172841505272
0,0,0,0,0.7207822340948987,1,2,1,2,2,0,2,2,2,2,1,2,1.4968587239454765,1.4448934356369982
0,1,1,0,-0.137183946368243,1,2,1,0,0,2,0,2,2,0,1,0,1.142431270780107,0.2965872556963042
1,0,0,0,1.4970373497520268,1,0,2,1,1,1,1,1,1,2,1,0,-1.5241337660065142,-0.3685181538028866
0,0,1,0,0.5982156368858784,1,2,1,2,2,2,0,2,0,0,1,2,1.1324003051244833,0.9952363049051124
1,0,1,0,-1.281138853652432,1,2,1,0,0,0,0,0,0,0,1,0,0.3249075698467791,-0.9754414794052249
0,0,0,1,-1.1585722564434118,1,2,1,0,2,2,0,0,0,0,0,0,0.6408829879989243,-0.8609997731759046
0,0,0,0,1.5378928821550335,1,2,0,2,2,2,0,2,2,2,0,3,0.6626167469194424,1.6393051234928702
1,1,1,0,1.0476264933189527,0,1,0,0,2,2,0,0,2,0,1,2,-0.6547834091857976,0.163274489972904
1,0,0,0,-0.790872464816351,1,0,1,0,0,0,0,2,2,0,1,2,0.8766106809060801,-0.5064934412514048
1,1,1,0,0.1488047804528042,1,2,1,0,2,0,0,2,2,0,1,2,1.057168062707306,0.5101572674179454
0,0,0,0,-0.9951501268313848,1,2,1,0,0,0,0,2,2,0,0,0,1.0287469933497058,-0.6645330401994833
1,1,1,0,-0.627450335204324,1,0,1,0,0,0,0,0,2,0,0,0,0.5556197799261233,-0.4209770475253053
1,1,0,0,0.9250598961099324,0,1,0,0,0,2,0,2,2,1,1,0,-0.4959597863050897,0.2040439334934863
1,0,0,0,-1.2402833212494253,1,0,1,0,2,0,0,2,2,0,0,2,1.0287469933497058,-0.9344731605503958
0,0,0,0,-0.9951501268313848,1,0,2,1,1,1,1,1,1,2,0,3,-1.4723071101191252,-0.9369701508581604
0,1,0,0,-0.1780394787712498,1,2,1,0,0,2,2,2,2,0,1,2,1.2845366175681088,0.2690982650515322
0,0,0,1,-0.8317279972193578,1,2,1,0,0,0,0,0,0,0,1,2,0.3917806742176035,-0.6137535381884816
1,0,0,0,1.2519041553339865,1,2,1,2,2,2,2,2,0,1,0,1,1.3246604801906037,1.9043617495250569
0,1,1,0,-1.281138853652432,1,0,1,0,2,0,0,0,0,0,1,3,0.3850933637805214,-0.9746459780682378
1,0,1,1,0.5165045720798649,1,2,1,0,2,2,0,0,2,0,1,0,1.0387779590053294,0.9611844282301976
1,1,1,0,-0.3414616083832767,1,0,1,0,0,2,0,2,2,0,1,2,0.9451556128861754,-0.0224087804354715
1,0,1,1,0.2713713776618244,1,0,0,2,0,2,2,2,2,1,0,1,0.5054649516480051,0.398278843274472
0,0,1,1,0.0262381832437839,1,0,1,0,0,2,0,2,2,1,1,2,0.9668893718066932,0.3724471470817563
0,0,0,0,-1.281138853652432,1,0,1,0,0,0,0,2,0,0,0,2,0.4904185031645695,-0.9732538507285106
0,1,1,0,0.7207822340948987,1,2,1,0,2,2,0,2,0,0,1,2,1.0086850620384582,1.1521268463664318
1,0,0,0,1.3744707525430069,1,2,1,0,2,0,0,0,2,0,0,1,0.8197685421908798,1.6330515990937775
1,0,0,0,-0.8317279972193578,1,2,1,0,0,0,0,2,2,0,1,2,1.0421216142238705,-0.501013320929939
0,0,0,0,-1.1994277888464184,0,1,0,0,0,0,0,0,0,0,0,2,-1.3251862805033117,-0.9823800188445
0,0,1,1,-0.464028205592297,1,0,0,0,2,0,0,2,0,1,1,1,-0.2017181270734624,-0.4712483125710098
1,0,0,0,-1.117716724040405,1,0,1,0,0,0,0,2,0,0,1,2,0.5255268829592522,-0.8247602678242759
0,1,0,0,-0.7500169324133442,1,2,1,0,0,0,0,0,0,0,1,2,0.3148766041911556,-0.5239281788870359
0,0,0,0,0.2713713776618244,1,0,1,0,0,2,2,0,0,2,1,2,0.5205114001314407,0.4064990237566709
0,0,0,0,-0.3414616083832767,1,2,1,0,0,2,0,2,0,0,1,1,0.8047220937074442,-0.0923687035716036
0,0,0,0,-1.281138853652432,1,0,1,0,0,0,0,0,0,0,0,0,0.1610684641382597,-0.9776070108225784
1,0,0,0,0.7616377664979054,1,2,1,0,0,2,0,0,0,0,0,1,0.5054649516480051,0.8664755746100269
0,0,0,0,-1.1994277888464184,1,0,2,1,1,1,1,1,1,0,0,3,-1.5057436623045373,-0.9831313256627656
0,0,0,0,0.6390711692888852,0,1,0,2,2,0,0,2,0,0,1,2,-0.6715016852785036,-0.078314846618167
1,0,1,1,1.3744707525430069,1,0,1,2,2,2,0,2,2,1,1,0,1.2795211347402973,2.0990386044932574
0,0,0,0,-1.1994277888464184,1,0,1,0,0,0,2,0,2,0,0,2,0.6993969543233957,-0.8881131104115438
0,0,0,0,-0.6683058676073308,1,2,1,0,0,0,0,0,0,0,0,2,0.2597062930852258,-0.4805954532806067
1,0,1,0,1.170193090527973,1,2,1,0,0,0,0,2,2,1,1,0,1.057168062707306,1.499053818330195
0,0,1,0,-0.3823171407862835,1,2,0,0,0,0,2,2,2,0,1,1,0.2931428452706379,-0.2824051340740469
0,0,1,1,-0.2188950111742565,1,0,2,1,1,1,1,1,1,1,1,3,-1.4823380757747489,-0.7506239626689623
0,0,1,1,-0.0554728815622295,1,0,2,1,1,1,1,1,1,0,1,3,-1.5157746279601612,-0.7171908092561486
0,0,1,1,-0.0963284139652362,1,2,1,0,0,2,0,2,2,0,1,2,1.175867822965519,0.3378207416634623
1,0,1,1,0.0670937156467907,1,2,1,0,2,0,0,2,2,0,1,0,1.0972919253298008,0.4986224980316344
1,0,0,0,-0.5865948028013173,1,0,0,2,0,2,2,2,0,0,1,2,0.115929118687953,-0.4339702360294259
0,0,1,0,0.6390711692888852,0,1,0,2,0,2,0,0,2,0,1,0,-0.6547834091857976,-0.0604381637953209
1,0,1,0,0.6390711692888852,1,0,2,1,1,1,1,1,1,2,0,3,-1.5258055936157846,-0.6305032607839295
1,0,0,1,-0.3823171407862835,0,1,0,2,2,0,2,0,0,1,0,0,-0.8102633768479641,-0.5897117200039863
0,0,0,0,-1.1585722564434118,1,2,1,0,2,0,0,0,0,0,1,3,0.5154959173036286,-0.8651319606763647
1,0,0,0,-0.5048837379953037,1,2,1,0,0,2,0,2,0,0,1,2,0.7963629556610912,-0.2299462403516282
1,0,1,1,0.3530824424678379,1,0,2,1,1,1,1,1,1,2,1,3,-1.5007281794767255,-0.6195872146597193
0,1,1,0,-0.1780394787712498,1,2,1,0,0,0,2,2,2,0,1,1,1.2176635131972844,0.2344276651145165
1,1,0,0,1.415326284946013,1,2,1,0,0,2,0,2,2,0,1,1,1.221007168415826,2.0149585326256068
1,1,1,0,1.619603946961047,0,1,0,2,2,2,2,2,2,2,1,1,0.0022448412575519,1.0006722307078568
1,0,1,0,0.5982156368858784,1,2,1,0,2,2,0,0,0,0,1,0,0.6174774014691357,0.7880965956574492
1,0,0,1,1.3744707525430069,1,2,2,1,1,1,1,1,1,2,1,1,-1.323514452894041,-0.2686827360110217
0,0,0,0,-0.9134390620253712,1,0,0,0,2,0,2,0,2,1,0,3,0.0005730136482814,-0.7054350672762301
0,1,1,0,1.2110486229309796,1,2,1,0,2,2,0,2,0,1,1,1,1.1056510633761538,1.6152191107896534
0,0,1,1,0.9659154285129392,1,2,0,2,0,0,0,2,0,1,0,0,0.0106039793039049,0.5437671989056451
1,0,0,1,0.8024932989009121,1,0,2,1,1,1,1,1,1,1,0,1,-1.51243097274162,-0.5981086785610711
1,0,1,1,1.5378928821550335,1,2,1,0,2,0,0,2,2,2,0,0,1.117353856641048,2.023112421329724
0,0,1,1,1.4970373497520268,1,2,1,0,2,0,2,0,2,2,1,0,0.950171095713987,1.8191768146893683
1,0,0,1,-0.2188950111742565,1,2,1,0,0,0,2,0,0,0,1,2,0.488746675555299,-0.0447270123898282
1,0,0,0,0.679926701691892,1,2,1,0,2,2,0,2,2,0,1,0,1.2979112384422735,1.2173579559993637
0,0,1,0,0.8433488313039189,1,2,0,2,2,2,0,0,2,1,0,0,0.308189293754073,0.685985160151427
1,0,1,0,-1.1994277888464184,1,0,2,1,1,1,1,1,1,0,0,0,-1.5007281794767255,-0.9864680118262388
1,0,1,0,-1.2402833212494253,1,0,0,0,2,0,2,0,2,0,1,3,-0.0228325728815072,-0.94492516422803
0,0,1,0,0.1896603128558109,1,2,1,2,0,2,2,0,2,1,1,2,1.147446753607919,0.650916809545918
0,0,1,0,-0.954294594428378,1,0,1,0,0,0,0,2,2,0,0,2,0.8214403698001502,-0.6313871511583594
1,0,1,1,-0.464028205592297,1,2,1,0,2,2,0,2,2,0,0,2,1.3213168249720624,-0.054714973620887
0,0,1,1,1.415326284946013,1,2,1,2,0,2,2,2,2,2,1,1,1.4667658269786052,2.154237558376409
1,0,1,1,1.619603946961047,1,0,2,1,1,1,1,1,1,2,1,1,-1.507415489913808,-0.3832128312777849
0,0,0,0,-1.281138853652432,1,0,0,0,0,0,0,0,0,0,0,3,-0.6330496502652795,-0.9881032090189342
1,0,1,1,-0.9951501268313848,1,0,0,0,0,2,0,0,0,0,1,2,-0.4625232341196775,-0.8249812404178833
1,0,0,0,-0.9951501268313848,1,0,0,0,2,0,2,2,0,0,1,2,0.0590869799727527,-0.7781792450918165
0,1,1,0,-1.2402833212494253,1,0,0,0,2,0,0,0,0,0,0,1,-0.4926161310865484,-0.957542699323018
1,0,0,0,-1.117716724040405,1,0,1,0,0,0,0,0,0,0,1,2,0.1627402917475302,-0.8649551826014787
1,0,1,1,-0.8725835296223645,1,0,2,1,1,1,1,1,1,2,0,3,-1.51243097274162,-0.90864146435768
1,0,0,1,-1.0768611916373982,1,0,2,1,1,1,1,1,1,0,1,3,-1.494040869039643,-0.964945281208869
1,0,0,1,-0.464028205592297,1,2,1,2,0,0,0,0,0,0,0,2,0.5171677449128992,-0.2362439592694418
1,0,0,0,-1.2402833212494253,1,0,1,0,0,0,0,0,0,0,1,2,0.1811303954495068,-0.9447704834125048
0,0,0,0,-0.137183946368243,1,0,1,0,0,0,0,2,0,0,1,2,0.4686847442440519,0.0452530277271425
1,0,1,1,1.619603946961047,1,2,1,2,2,2,2,0,2,2,0,1,1.3062703764886268,2.314000743554626
1,0,0,0,-1.1994277888464184,1,0,1,0,0,2,2,2,0,0,1,3,0.7846601623961966,-0.892598854061776
0,0,0,0,-1.281138853652432,1,0,2,1,1,1,1,1,1,0,0,2,-1.5241337660065142,-0.9998810482582134
1,1,1,0,-0.0146173491592227,1,2,1,0,0,0,0,0,0,0,1,2,0.3349385355024032,0.0095438566001717
0,0,1,0,0.5982156368858784,1,0,1,0,0,2,0,0,2,0,1,2,0.6826786782306895,0.7795449562848393
1,0,0,0,-0.9134390620253712,1,0,1,0,0,0,0,2,2,0,1,2,0.8231121974094208,-0.6269676992862097
0,0,0,0,-1.0360056592343916,1,0,0,0,0,0,2,2,2,0,1,1,0.1961768439329424,-0.8091816999749477
1,0,0,1,-1.1585722564434118,1,0,0,2,0,0,0,0,0,0,0,2,-0.519365372834878,-0.9113373299996912
0,0,0,1,-0.5865948028013173,1,0,2,1,1,1,1,1,1,1,0,0,-1.4957126966489138,-0.8356763139484861
1,0,1,0,-0.0963284139652362,1,0,2,1,1,1,1,1,1,2,0,3,-1.5324929040528672,-0.7266484362625494
1,0,0,0,-0.3414616083832767,1,2,1,0,0,0,0,2,2,0,1,2,0.9769203374623168,0.0181617877508639
0,0,1,1,0.1488047804528042,1,0,0,2,0,0,0,0,0,0,0,1,-0.4625232341196775,-0.2062800755762658
1,0,0,0,-1.1994277888464184,1,2,1,0,2,2,0,2,2,0,0,3,1.4400165852302755,-0.8698165796608436
0,0,0,1,1.619603946961047,1,0,2,1,1,1,1,1,1,2,1,3,-1.5090873175230786,-0.315882482005582
0,0,0,0,-0.9134390620253712,1,2,1,2,0,0,0,2,2,0,1,2,1.1307284775152129,-0.578287436914479
1,0,0,0,-1.2402833212494253,1,0,1,0,0,2,0,0,2,0,1,2,0.7010687819326662,-0.9344731605503958
0,0,0,0,-0.7091614000103375,1,2,1,0,2,0,0,0,0,0,1,2,0.497105813601652,-0.5170338339664823
1,0,0,0,0.0262381832437839,1,2,1,2,0,0,0,0,0,1,0,0,0.5088086068665462,0.1421053155053064
1,0,1,0,-1.1585722564434118,1,0,1,0,0,2,2,0,0,0,1,3,0.5255268829592522,-0.8673637838718004
0,0,0,0,0.6390711692888852,1,0,0,2,0,2,2,0,0,1,1,1,-0.1515632987953441,0.2716394498780183
0,0,0,0,0.1079492480497974,1,2,1,0,0,2,0,2,2,0,1,2,1.1825551334026017,0.5505952520481165
0,0,0,0,-1.2402833212494253,1,0,1,2,2,0,2,0,0,0,1,2,0.7144434028068312,-0.9281312471138607
1,0,0,0,-1.1994277888464184,0,1,0,2,2,0,0,0,0,0,1,3,-0.9841334482121072,-0.9611887471175417
1,0,1,1,0.7207822340948987,1,2,2,1,1,1,1,1,1,2,0,3,-1.3352172461589351,-0.4509188339591205
0,1,0,0,0.8842043637069257,1,2,1,0,2,0,0,0,0,0,1,2,0.488746675555299,0.9230003640548232
0,1,0,0,-1.281138853652432,1,2,1,0,0,0,0,0,0,0,1,2,0.2413161893832487,-0.9765463423732624
1,0,1,0,-0.9951501268313848,1,0,0,0,2,2,0,0,0,0,1,3,-0.3388079910336524,-0.8113693286516619
1,0,1,1,1.129337558124966,1,0,1,0,2,2,0,2,0,1,0,2,0.8715951980782686,1.4016932935867334
0,0,0,0,0.0670937156467907,1,2,0,2,2,0,2,0,0,1,1,3,-0.0161452624444246,-0.0852975805761638
0,0,0,0,0.2305158452588177,1,2,2,1,1,1,1,1,1,1,1,2,-1.3586228326887235,-0.6042959111820808
0,0,1,0,-0.0146173491592227,1,0,1,0,2,0,0,0,2,0,0,0,0.6442266432174658,0.1344375665071263
0,0,0,0,-0.8317279972193578,1,0,0,0,0,0,0,0,0,0,1,0,-0.6648143748414211,-0.7766766314552856
1,0,0,0,-1.1994277888464184,1,0,0,0,2,0,0,0,0,0,1,3,-0.5009752691329015,-0.9509135215147932
1,1,0,0,-0.9951501268313848,0,1,0,0,0,2,0,0,0,0,1,2,-1.1864245889338512,-0.9103429533284576
0,1,1,0,-1.281138853652432,1,0,2,1,1,1,1,1,1,0,1,3,-1.4723071101191252,-0.9991960332180304
0,0,0,0,0.5165045720798649,1,2,1,2,2,0,0,0,2,1,0,0,1.0655272007536591,0.9550413901279096
0,0,1,0,-1.2402833212494253,1,0,1,2,0,0,0,0,0,0,1,2,0.3182202594096971,-0.9468034312736938
1,1,1,1,-0.0146173491592227,1,0,1,0,2,0,0,2,2,0,1,3,0.971904854634505,0.2561934655848545
0,0,0,0,-1.281138853652432,1,0,1,0,2,0,0,0,0,0,1,2,0.3282512250653207,-0.9753972848865036
0,0,1,1,-0.9134390620253712,1,0,0,0,0,2,2,0,0,0,0,1,-0.3237615425502168,-0.7749088507064257
1,0,0,0,-1.0768611916373982,1,2,1,0,0,0,0,0,0,0,1,2,0.3349385355024032,-0.800784741417863
1,0,0,1,-1.281138853652432,1,0,2,1,1,1,1,1,1,0,0,3,-1.5258055936157846,-0.9999031455175742
0,1,1,0,-0.9951501268313848,1,2,1,0,0,0,0,0,2,0,1,2,0.6392111603896538,-0.7373214125337911
1,0,0,0,-0.0554728815622295,1,0,1,0,2,0,0,2,2,0,1,2,0.9902949583364816,0.308232511379419
1,0,1,1,1.33361522014,1,0,2,1,1,1,1,1,1,2,1,1,-1.5057436623045373,-0.4484439409107166
1,0,0,0,-1.281138853652432,1,0,1,0,0,0,2,0,0,0,1,3,0.3148766041911556,-0.9755740629613892
1,0,0,0,0.679926701691892,1,0,2,1,1,1,1,1,1,2,1,1,-1.5040718346952668,-0.5564774419254196
1,0,0,0,0.1079492480497974,1,2,1,2,0,2,2,2,2,2,1,2,1.4734531374156876,0.7706397607624573
0,0,1,1,1.619603946961047,1,2,2,1,1,1,1,1,1,2,0,0,-1.3302017633311234,-0.1873427243041038
1,0,1,0,-0.9134390620253712,1,0,2,1,1,1,1,1,1,1,0,0,-1.5141028003508905,-0.924684074653584
0,0,1,1,-0.5048837379953037,1,2,1,0,2,2,0,2,2,0,1,0,1.3697998256409096,-0.0186080518254226
0,0,1,0,-1.1994277888464184,1,2,1,0,0,0,0,0,0,0,1,1,0.308189293754073,-0.9076470876864462
0,0,1,1,0.0670937156467907,1,0,0,2,2,2,0,0,0,1,1,3,-0.1365168503119088,-0.1059364208191036
1,1,1,0,0.7207822340948987,1,2,1,2,0,2,0,2,2,2,1,1,1.34305058389258,1.2734849947756668
1,0,1,1,-0.5048837379953037,1,0,1,0,0,0,0,0,0,0,1,2,0.1861458782773189,-0.3583313172375812
0,0,0,0,-1.1585722564434118,0,1,0,0,0,0,0,0,0,0,1,3,-1.3586228326887235,-0.9659617551394634
1,0,0,0,-0.8317279972193578,1,0,1,0,0,2,0,2,2,1,0,2,1.0304188209589764,-0.485147488708921
0,0,0,0,-1.2402833212494253,0,1,0,0,0,0,2,0,0,0,1,2,-1.1362697606557328,-0.9823137270664176
1,1,1,0,-0.0146173491592227,1,0,1,0,0,0,0,0,2,0,1,1,0.5154959173036286,0.0889614067427045
1,0,1,1,-0.627450335204324,1,2,1,0,0,0,0,2,2,0,1,2,0.9250936815749278,-0.3388194372220398
1,0,1,0,1.5787484145580404,1,2,1,2,2,2,2,2,2,2,1,0,1.7125244855413846,2.6643969852380263
0,0,1,1,0.2305158452588177,1,0,0,2,2,0,0,0,0,0,0,2,-0.3471671290800054,-0.0909102844537941
0,0,1,0,-0.790872464816351,0,1,0,0,0,2,0,2,2,0,1,0,-0.5394273041461254,-0.7284825087894915
0,0,0,0,1.0884820257219594,1,2,0,2,0,0,2,0,2,1,0,0,0.1276319119528476,0.7907261695213783
0,0,0,0,0.8433488313039189,0,1,0,2,2,2,2,2,0,1,1,2,-0.3772600260468763,0.2640379926579205
0,0,0,0,-1.2402833212494253,1,0,1,0,0,0,0,2,0,0,1,2,0.5271987105685232,-0.9447041916344228
1,0,1,1,1.619603946961047,1,2,1,0,2,2,0,2,2,2,1,2,1.2878802727866503,2.2498965941490927
0,0,0,0,-0.790872464816351,0,1,0,0,2,0,0,0,0,0,1,2,-1.131254277827921,-0.8549451241110593
0,0,0,0,0.1896603128558109,0,1,0,0,0,2,0,0,2,0,1,1,-0.8253098253313994,-0.3548399502585829
0,0,0,0,-0.5865948028013173,1,0,1,0,2,2,0,0,0,0,0,2,0.4319045368400982,-0.4079838590211848
1,0,0,1,-0.9951501268313848,1,0,2,1,1,1,1,1,1,0,0,0,-1.5191182831787022,-0.9380529165668372
1,0,1,1,-0.5865948028013173,1,0,2,1,1,1,1,1,1,1,0,0,-1.507415489913808,-0.8571327527877736
0,1,1,1,0.0670937156467907,1,2,1,0,2,0,0,0,0,0,1,3,0.49209033077384,0.1929290120350296
1,1,0,0,-1.0360056592343916,1,2,1,0,0,0,0,2,0,0,1,2,0.6659604021379835,-0.7666886702242269
1,1,0,0,-1.281138853652432,1,0,1,0,0,0,0,0,0,0,1,2,0.2262697408998136,-0.976745217707509
0,0,0,1,-1.1585722564434118,1,2,1,0,2,0,0,2,0,0,0,3,0.8264558526279618,-0.8468133326663035
0,0,0,0,-1.2402833212494253,1,0,1,0,0,0,0,0,0,0,0,2,0.1359910499992006,-0.9554876542024684
1,0,0,0,-1.281138853652432,1,0,0,2,0,0,0,0,0,0,1,3,-0.4725541997753011,-0.9859818721203022
0,0,0,0,1.415326284946013,1,2,2,1,1,1,1,1,1,2,1,3,-1.2967652111457113,-0.2307859362073367
1,0,0,0,-1.1585722564434118,1,0,0,0,0,0,0,0,2,0,0,2,-0.3538544395170879,-0.9220986953083762
0,1,0,0,-1.281138853652432,1,2,1,0,0,0,0,0,0,0,1,3,0.3198920870189676,-0.9755077711833072
1,0,0,0,-0.5865948028013173,1,0,0,2,0,0,0,0,0,0,0,2,-0.5176935452256076,-0.6217969405957943
0,0,0,0,-1.2402833212494253,1,0,1,0,0,2,0,0,2,0,1,3,0.7127715751975607,-0.929434985416145
1,0,1,0,-0.2188950111742565,1,0,0,0,2,0,2,0,0,0,1,2,-0.370572715609794,-0.3941730719207165
1,0,0,0,-1.2402833212494253,1,0,0,0,0,0,0,0,0,0,1,1,-0.631377822656009,-0.9710662220517964
1,1,0,0,-0.8317279972193578,1,2,1,0,0,2,0,2,2,0,1,2,1.155805891654272,-0.478010073935399
1,0,0,0,-0.5865948028013173,1,2,0,2,0,2,0,2,0,0,0,3,0.1543811537011772,-0.4783415328258102
1,0,0,0,-1.1994277888464184,1,0,1,0,0,0,0,0,0,0,1,3,0.1811303954495068,-0.91100587110928
1,1,1,1,-0.3414616083832767,1,2,1,2,0,0,0,0,0,0,1,2,0.500449468820193,-0.1873869188228253
1,0,0,0,-1.1994277888464184,1,2,1,0,2,2,0,2,2,0,1,0,1.3530815495482036,-0.865551808604219
0,0,0,0,0.1896603128558109,1,2,0,2,2,2,2,2,0,0,1,1,0.4686847442440519,0.3072381347081852
0,1,0,0,-1.1994277888464184,1,0,1,0,0,0,0,0,0,0,1,2,0.1811303954495068,-0.9043324987823338
1,0,0,0,-1.281138853652432,1,2,1,0,0,0,0,0,0,0,1,3,0.313204776581885,-0.97559616022075
0,0,1,0,-0.1780394787712498,1,2,2,1,1,1,1,1,1,1,0,3,-1.315155314847688,-0.7113350355255501
1,0,1,1,0.679926701691892,0,1,0,0,2,0,0,2,2,1,1,0,-0.4374458199806184,0.1146826166386166
0,1,0,0,-1.2402833212494253,1,2,1,0,0,0,0,2,0,0,1,2,0.6910378162770426,-0.925567965028014
1,0,0,0,-0.8317279972193578,1,0,0,0,0,0,2,2,0,1,1,2,-0.1699534024973209,-0.686762883116397
0,0,1,0,-1.2402833212494253,1,0,1,2,2,0,0,2,0,0,0,2,0.8515332667670209,-0.924220032207008
0,0,1,1,-1.1585722564434118,1,0,1,0,0,0,0,0,2,0,0,2,0.5338860210056052,-0.8746116849421262
0,0,1,1,1.619603946961047,1,2,0,2,2,2,2,0,0,2,1,0,0.1861458782773189,1.2745456632249823
1,0,0,0,-0.9134390620253712,1,0,0,0,0,0,0,0,0,0,1,2,-0.6464242711394445,-0.8304834579987099
0,0,0,0,-1.0768611916373982,1,2,1,0,0,0,0,2,2,0,1,0,0.95853023376034,-0.771351191949345
0,1,0,0,-1.281138853652432,1,0,1,0,0,0,0,0,0,0,1,2,0.1460220156548242,-0.977805886156825
0,0,1,1,-0.464028205592297,1,0,0,0,0,0,0,0,0,0,1,2,-0.6664862024506916,-0.5990588607135833
0,0,0,0,-0.137183946368243,1,2,1,0,0,0,0,0,0,0,1,1,0.3717187429063563,-0.0293915143934683
0,1,1,1,-1.1585722564434118,1,0,0,0,0,0,0,0,0,0,0,2,-0.631377822656009,-0.9281533443732216
0,0,1,1,1.415326284946013,1,2,0,2,0,0,0,2,2,2,1,2,0.3550004668136503,1.3027196689099378
1,0,0,0,-1.1994277888464184,0,1,0,0,2,0,2,0,0,0,1,3,-0.9373222751525304,-0.960371148521194
1,0,0,0,-0.790872464816351,1,0,1,0,2,2,0,0,0,0,1,2,0.4987776412109225,-0.578199047877036
0,0,0,0,-0.9134390620253712,0,1,0,0,0,0,2,0,0,2,1,3,-1.1797372784967686,-0.8762468821348216
0,0,0,1,-1.281138853652432,1,0,1,2,0,0,0,0,0,0,1,3,0.2914710176613669,-0.9758834245924398
0,1,1,0,1.619603946961047,1,2,1,2,2,2,0,2,2,2,1,2,1.58880924245536,2.547856039369436
1,1,1,0,-0.9951501268313848,0,1,0,0,2,2,0,0,2,0,1,3,-0.7199846859473511,-0.8442721478398174
0,0,0,0,-1.0360056592343916,1,0,2,1,1,1,1,1,1,0,0,0,-1.5007281794767255,-0.9475989326106808
0,0,0,0,-1.0360056592343916,1,0,2,1,1,1,1,1,1,0,0,3,-1.5241337660065142,-0.9443506354846508
1,0,1,1,0.4756490396768582,1,0,0,0,2,2,2,0,0,0,1,3,-0.0997366429079553,0.2838592343045127
1,0,0,0,-0.790872464816351,1,2,1,0,0,0,2,2,2,0,1,3,1.1407594431708366,-0.4331305401737174
1,0,1,0,1.4970373497520268,1,2,1,2,2,2,2,2,2,2,1,0,1.5938247252831714,2.4416345136223137
1,0,0,0,-1.281138853652432,1,0,1,0,0,0,0,2,2,0,1,2,0.7846601623961966,-0.9693647330810188
0,1,0,0,-1.117716724040405,1,0,1,0,2,0,0,2,0,0,1,2,0.6626167469194424,-0.8349471043895813
1,0,1,1,0.3530824424678379,1,2,1,0,0,2,2,2,2,1,1,2,1.26113103103832,0.8536591641807924
0,1,1,1,1.2110486229309796,1,2,1,0,2,2,0,0,2,0,1,1,1.043793441833141,1.651812172291054
1,0,0,0,-1.281138853652432,1,0,1,0,0,0,0,0,0,0,1,2,0.1493656708733652,-0.9777616916381036
0,0,0,1,-1.281138853652432,0,1,0,0,0,0,0,0,0,0,0,3,-1.343576384205288,-0.9974945442472528
1,0,1,1,1.006770960915946,1,0,1,0,2,2,0,2,2,1,1,1,1.0922764425019886,1.4655985676580203
0,0,0,0,-1.281138853652432,1,0,1,0,0,0,0,2,0,0,1,2,0.5138240896943581,-0.9729444890974602
0,0,0,0,0.3122269100648312,1,2,1,0,0,2,2,2,2,1,1,1,1.3731434808594511,0.907510185242938
1,0,1,1,1.4970373497520268,1,2,1,2,2,2,2,2,2,2,1,0,1.6540105192169132,2.3794528257811653
0,0,1,1,-0.9134390620253712,1,2,1,0,0,0,0,0,2,0,0,2,0.7044124371512076,-0.628956452628677
0,0,0,0,-1.1585722564434118,1,0,1,0,0,0,0,0,0,0,1,0,0.2011923267607544,-0.8877595542617719
1,1,0,0,-1.2402833212494253,0,1,0,0,0,0,0,0,0,0,1,3,-1.3519355222516412,-0.987418193978751
1,0,0,0,0.2713713776618244,0,1,0,2,2,0,2,2,0,0,1,1,-0.5327399937090429,-0.1771779849981591
0,0,1,0,0.5982156368858784,1,2,2,1,1,1,1,1,1,1,0,2,-1.2700159693973816,-0.4556034529435994
0,0,1,1,0.679926701691892,1,0,0,2,0,2,2,0,0,0,0,0,-0.1047521257357671,0.3280979475447326
1,0,0,0,-0.9134390620253712,1,0,1,2,2,2,0,2,2,0,1,2,1.3213168249720624,-0.5304689676578177
0,0,0,1,-0.5457392703983105,1,2,0,2,2,0,2,2,0,0,1,3,0.3683750876878153,-0.4004707908385301
0,1,1,0,-0.2597505435772633,1,0,1,0,2,0,0,0,2,0,0,2,0.6709758849657955,-0.0495000204117501
0,1,1,0,0.7207822340948987,1,2,1,0,2,0,0,2,0,0,1,2,0.7746291967405731,0.9217187230119
1,0,0,0,0.1079492480497974,1,0,0,0,0,0,0,2,0,0,0,3,-0.3304488529872993,-0.1198576942163756
1,0,0,0,-0.9951501268313848,1,0,0,0,0,0,0,0,0,0,0,3,-0.7132973755102688,-0.8601821745795568
0,0,0,0,-0.7091614000103375,1,2,0,0,0,0,0,0,0,0,1,2,-0.5277245108812312,-0.70808673839952
0,0,1,0,-0.8317279972193578,1,0,0,0,2,0,0,0,0,0,1,2,-0.455835923682595,-0.7378959412771707
1,0,1,1,-0.8725835296223645,1,0,1,0,0,0,0,2,2,0,0,2,0.859892404813374,-0.5575381103747356
0,1,0,0,-1.281138853652432,1,0,1,0,0,0,0,2,2,0,1,2,0.8832979913431626,-0.9680609947787344
1,0,1,1,-0.954294594428378,1,0,2,1,1,1,1,1,1,2,0,3,-1.5141028003508905,-0.9211706104152249
1,0,1,0,1.5787484145580404,1,2,0,2,2,2,2,0,2,2,0,1,0.5188395725221702,1.5226757885868354
0,0,0,0,-1.1994277888464184,1,0,1,0,0,0,0,0,0,0,1,0,0.1560529813104477,-0.9101661752535716
0,1,1,0,-0.2188950111742565,1,2,0,0,2,2,2,2,2,0,0,2,0.6341956775618418,0.0125711811325943
0,1,1,1,1.0884820257219594,1,2,1,0,0,2,0,0,2,0,1,1,0.7980347832703617,1.3553995352259638
1,0,0,0,-1.281138853652432,1,0,1,0,0,0,0,0,2,0,1,2,0.4803875375089459,-0.9733864342846752
0,0,1,1,1.5787484145580404,1,2,2,1,1,1,1,1,1,2,0,0,-1.343576384205288,-0.2082467316593725
1,1,0,0,-0.3823171407862835,1,2,1,0,2,2,0,2,2,0,1,2,1.3881899293428868,0.0891602820769512
1,0,1,1,-0.0146173491592227,1,2,1,2,0,0,0,2,2,0,1,1,1.159149546872813,0.4078690538370373
1,0,1,0,-1.117716724040405,1,2,1,0,2,0,0,0,0,0,1,2,0.4636692614162399,-0.8262849787201676
0,0,0,0,1.5378928821550335,1,0,0,2,0,2,2,2,2,2,0,0,0.49209033077384,1.461819936307332
1,1,1,0,-0.137183946368243,1,2,1,0,0,2,0,2,2,0,1,2,1.1240411670781305,0.3192590438004329
0,0,1,1,-0.627450335204324,1,0,1,0,0,2,2,2,2,1,0,0,1.1273848222966714,-0.2549161434292749
1,0,1,1,0.9659154285129392,1,2,0,2,2,0,2,0,2,2,1,1,0.3667032600785443,0.8748062413890291
0,0,0,0,-0.9134390620253712,1,2,1,0,2,0,0,0,0,0,1,1,0.5389015038334173,-0.6468773299702446
1,1,1,1,1.5787484145580404,1,2,0,0,2,2,2,0,2,1,1,0,0.2680654311315788,1.263032991098032
1,0,1,0,1.619603946961047,1,2,0,2,2,2,2,2,2,2,1,1,0.9067035778729512,1.9889279610986443
0,0,0,0,-0.790872464816351,1,0,0,2,0,0,0,2,2,0,1,2,0.2363007065554371,-0.6001195291628993
1,0,0,0,-0.9134390620253712,1,2,1,0,2,0,0,0,0,0,1,0,0.5288705381777937,-0.6598042266962829
0,0,1,1,1.5378928821550335,1,2,0,2,0,0,0,0,2,1,0,0,0.0106039793039049,0.999412686924294
1,0,1,1,-0.9951501268313848,1,0,2,1,1,1,1,1,1,2,0,1,-1.5141028003508905,-0.9531674419695896
1,0,1,1,0.0670937156467907,1,0,2,1,1,1,1,1,1,0,0,3,-1.4739789377283958,-0.727377645821454
1,0,1,0,1.4561818173490202,1,2,0,2,2,2,2,2,2,2,1,1,0.8665797152504565,1.7771036328665024
1,0,1,1,1.619603946961047,0,1,0,2,2,2,2,2,2,2,1,1,0.0122758069131754,0.9709956113863708
1,0,0,0,-1.281138853652432,1,2,1,0,0,0,0,0,0,0,1,2,0.3533286392043798,-0.9750658259960922
0,0,0,0,-1.1585722564434118,1,0,2,1,1,1,1,1,1,0,0,1,-1.48568173099329,-0.9717954316107013
0,1,0,0,-1.1585722564434118,1,2,1,0,0,0,0,0,2,0,1,2,0.6592730917009009,-0.8492661284553468
1,0,0,0,-1.281138853652432,1,2,1,0,0,0,0,2,0,0,0,2,0.6559294364823599,-0.9710662220517964
0,0,0,0,0.4756490396768582,1,0,1,0,2,2,0,2,0,0,1,1,0.7779728519591146,0.7475260274711135
0,1,0,0,-0.2597505435772633,1,2,1,0,2,0,0,2,0,0,1,2,0.8114094041445267,-0.0018141347112532
0,0,0,1,-0.627450335204324,1,2,1,0,2,2,2,0,0,0,1,1,0.9301091644027398,-0.3203682256558141
1,0,1,1,1.33361522014,1,2,0,2,2,2,0,0,2,1,0,1,0.2530189826481432,1.048336019148993
1,1,1,0,0.2713713776618244,1,2,1,0,2,2,0,2,2,0,1,2,1.3631125152038277,0.8852361478073029
0,0,1,1,1.33361522014,1,2,1,2,0,2,0,2,2,2,1,1,1.3179731697535209,1.963803377205472
1,0,1,1,-0.5457392703983105,1,2,1,0,0,0,2,2,2,1,1,2,1.2059607199323903,-0.1795202944903985
1,0,0,0,-1.281138853652432,1,0,0,0,0,0,0,0,0,0,1,3,-0.6363933054838207,-0.9881474035376556
0,1,0,0,-0.954294594428378,1,2,1,0,0,0,0,0,0,0,1,2,0.3232357422375086,-0.7331229332552488
0,0,1,1,-0.3823171407862835,1,0,2,1,1,1,1,1,1,2,1,3,-1.51243097274162,-0.8088502410845365
1,0,0,0,1.0476264933189527,1,2,1,0,0,0,2,0,0,0,0,0,0.5271987105685232,1.1161746053864932
0,0,0,0,-0.8725835296223645,1,2,1,0,0,0,2,2,0,0,0,2,0.8448459563299389,-0.5717908426624188
0,0,1,0,1.619603946961047,1,0,2,1,1,1,1,1,1,2,0,0,-1.5207901107879729,-0.3470617149635991
1,0,1,0,0.3939379748708447,1,2,1,0,2,2,2,0,2,0,1,2,1.155805891654272,0.8203806915835039
1,0,1,1,0.2305158452588177,1,0,0,2,0,2,2,2,2,2,0,1,0.5389015038334173,0.3549461176680429
1,1,1,0,-1.1994277888464184,1,2,1,0,2,2,0,2,2,0,1,2,1.3714716532501807,-0.8605136334699681
0,0,0,0,-1.0360056592343916,1,2,1,0,0,0,0,0,0,0,1,2,0.29983015570772,-0.7824661134078019
1,0,0,0,0.8024932989009121,1,0,0,2,0,2,0,0,0,1,0,2,-0.3722445432190645,0.2249037463300337
0,0,0,0,-0.7091614000103375,1,2,0,2,0,0,0,0,2,0,1,0,-0.0077861243980716,-0.5688740044267999
1,0,0,0,-0.0963284139652362,1,2,0,2,0,0,0,0,2,0,1,3,-0.0128016072258836,-0.1738192015753252
0,0,0,0,0.5573601044828717,1,0,1,0,2,2,2,2,2,2,1,0,1.3213168249720624,1.1589769967682642
1,1,0,0,-0.6683058676073308,1,2,1,0,0,0,0,2,0,0,1,2,0.7261461960717253,-0.4422788055490675
0,1,0,0,-0.627450335204324,1,0,2,1,1,1,1,1,1,1,0,3,-1.4789944205562076,-0.8623035114781888
0,0,0,1,-1.281138853652432,1,0,1,0,0,0,0,0,2,0,0,2,0.4603256061976988,-0.973651601397004
1,0,1,1,0.0262381832437839,1,0,0,0,0,2,2,2,2,1,1,3,0.301501983316991,0.0544896821399358
0,0,1,0,-0.6683058676073308,0,1,0,0,0,0,2,2,2,0,1,2,-0.4993034415236307,-0.6503465996898823
0,0,0,0,-1.2402833212494253,1,0,1,0,0,0,0,0,0,0,0,2,0.1593966365289892,-0.9442622464472076
1,1,0,0,-1.1994277888464184,0,1,0,0,0,2,0,0,2,0,1,2,-0.7935451007552581,-0.9499854366216418
1,0,0,0,0.1896603128558109,1,2,0,2,2,2,2,2,2,1,1,0,0.859892404813374,0.4759286126681449
1,0,1,0,0.679926701691892,1,2,0,2,0,2,2,2,2,1,0,2,0.6509139536545478,0.7855996053496845
0,1,0,0,-0.30060607598027,1,2,1,0,2,0,0,0,2,0,1,2,0.8297995078465034,-0.0416333960793233
1,1,1,0,1.5787484145580404,1,2,1,2,2,2,2,2,2,2,1,0,1.677416105746702,2.534487197456182
0,0,1,1,-0.954294594428378,1,0,0,0,2,0,2,2,0,1,1,3,0.0239786001780695,-0.7462045107968124
1,0,0,0,-1.0360056592343916,1,2,1,0,0,0,0,0,2,0,1,2,0.7328335065088079,-0.7342498934826471
0,0,1,0,1.5378928821550335,1,2,0,2,0,2,2,0,0,2,0,1,0.0139476345224459,1.0951380144750595
0,0,1,0,-1.281138853652432,1,0,0,0,0,0,0,2,0,0,0,3,-0.3237615425502168,-0.9840152160371956
0,0,1,0,-0.5865948028013173,1,0,0,0,0,0,2,0,0,0,1,3,-0.4876006482587366,-0.6067929014898455
1,0,1,1,1.170193090527973,1,0,1,0,2,2,2,2,2,1,0,1,1.3045985488793563,1.8417602137560545
0,0,1,0,-0.8725835296223645,1,0,0,0,0,0,0,0,0,0,1,2,-0.6965790994175628,-0.7946417033155747
0,0,1,0,0.8842043637069257,1,2,1,2,2,2,2,2,2,1,1,3,1.6640414848725371,1.6651368196855858
1,0,0,0,-1.0360056592343916,1,2,1,0,0,0,0,2,2,0,0,3,1.0070132344291878,-0.7187155201520403
1,0,1,1,-1.281138853652432,1,0,1,0,0,0,0,0,0,0,1,3,0.1928331887144014,-0.977187162894724
0,0,1,0,1.619603946961047,1,2,1,2,2,0,0,0,0,2,1,0,0.6408829879989243,1.666352168950427
1,0,1,0,-0.5048837379953037,1,0,2,1,1,1,1,1,1,1,0,3,-1.4789944205562076,-0.8238984747092066
1,1,1,0,1.5378928821550335,1,0,1,2,2,2,0,2,2,2,0,1,1.3530815495482036,2.31143746146878
0,0,0,0,-1.2402833212494253,1,0,0,0,0,0,0,0,0,0,0,2,-0.6464242711394445,-0.971110416570518
0,0,0,0,0.3530824424678379,1,2,1,0,2,2,0,2,2,0,1,2,1.3848462741243452,0.95535075175896
1,1,1,0,1.33361522014,1,2,1,0,2,2,0,2,2,1,1,0,1.2795211347402973,1.9934799965269585
0,0,1,1,-0.9134390620253712,1,0,2,1,1,1,1,1,1,2,0,3,-1.4957126966489138,-0.910829093034394
1,0,0,0,-0.9951501268313848,1,0,1,0,0,2,0,2,2,0,1,2,0.9969822687735642,-0.6812385682762097
1,0,1,1,-0.5865948028013173,1,0,1,0,0,0,2,0,2,0,1,2,0.6927096438863131,-0.300635373046665
0,0,0,0,-1.281138853652432,1,0,1,0,0,0,0,2,2,0,0,2,0.8582205772041035,-0.9683924536691456
0,1,0,0,0.2305158452588177,1,0,0,2,2,0,0,0,0,0,1,1,-0.2585602657886632,-0.0137466547660578
1,0,1,0,0.7616377664979054,1,0,0,2,2,2,2,2,2,2,1,1,0.6341956775618418,0.8950915254821971
1,0,0,0,-1.281138853652432,1,0,2,1,1,1,1,1,1,0,1,0,-1.51243097274162,-0.9997263674426882
0,0,0,0,0.3530824424678379,1,2,1,2,2,2,2,2,2,0,1,0,1.6590260020447252,0.9924741474850188
0,0,0,0,-1.2402833212494253,1,0,2,1,1,1,1,1,1,0,0,3,-1.5241337660065142,-0.9887882240591174
1,0,1,0,0.7616377664979054,1,2,0,0,0,0,2,2,2,2,1,0,0.3449695011580267,0.7157280712509955
1,0,1,0,1.2110486229309796,1,2,1,0,0,2,2,2,2,2,1,0,1.428313791965381,2.04662390528956
1,1,0,0,-0.954294594428378,1,2,1,0,0,0,0,0,2,0,1,2,0.6743195401843365,-0.6784985081154767
0,0,0,0,-1.1585722564434118,1,2,2,1,1,1,1,1,1,1,0,2,-1.370325625953618,-0.9653209346180016
0,0,1,1,-1.1994277888464184,1,2,0,0,2,2,0,2,0,0,1,0,0.1426783604362831,-0.9045534713759412
1,0,1,0,1.2519041553339865,1,0,0,2,2,0,2,2,0,1,0,1,0.1978486715422129,0.9577151585105604
1,0,0,0,0.0670937156467907,1,2,1,0,2,0,2,2,2,0,1,2,1.3530815495482036,0.5563626367412722
0,0,0,0,1.619603946961047,1,2,1,2,2,2,2,2,2,2,0,1,1.677416105746702,2.706138708170482
0,0,1,0,0.0670937156467907,1,2,0,2,2,0,2,0,0,0,0,2,-0.0746592287688962,-0.0030294839760944
0,0,1,1,-0.0554728815622295,1,0,0,2,0,2,2,2,2,1,1,3,0.5439169866612293,0.116671369981084
1,0,0,0,-1.1994277888464184,1,0,0,0,0,2,0,0,0,0,1,2,-0.5260526832719606,-0.9336997564727696
1,0,0,0,1.619603946961047,0,1,0,2,2,2,2,2,2,2,1,0,-0.0395508489742132,0.964786281506
0,0,1,0,-0.8725835296223645,1,2,1,0,2,0,0,2,2,0,1,2,1.241069099727073,-0.5022286701947802
0,0,0,0,1.0476264933189527,1,0,1,2,2,2,0,2,2,1,1,2,1.3898617569521572,1.7077182384737497
1,0,0,0,0.7616377664979054,1,2,2,1,1,1,1,1,1,2,0,3,-1.3419045565960177,-0.4627850622358428
0,0,0,0,-1.281138853652432,1,0,0,0,0,0,2,0,0,0,1,2,-0.4240711991064533,-0.9853410515988406
1,0,1,1,-0.0146173491592227,1,0,2,1,1,1,1,1,1,2,0,3,-1.5358365592714085,-0.737078342680823
0,0,1,0,0.5573601044828717,1,0,0,0,2,0,2,2,0,2,1,1,-0.0228325728815072,0.321623450552033
0,1,0,0,-0.3823171407862835,1,0,1,2,0,0,0,0,0,0,1,0,0.3516568115951092,-0.282051577924275
0,1,1,0,1.3744707525430069,1,2,0,0,2,2,0,2,0,1,1,0,0.1995204991514834,1.085901360062267
1,0,1,0,-1.0768611916373982,1,0,1,0,2,2,0,0,2,0,1,2,0.873267025687539,-0.773737695960306
0,0,0,0,-1.2402833212494253,1,2,1,0,0,0,0,2,2,0,1,2,1.0120287172569995,-0.9213915830088322
1,0,0,0,1.4970373497520268,1,2,0,2,2,2,2,0,2,1,1,1,0.4586537785884279,1.3588467076862407
1,1,0,0,0.3530824424678379,1,2,1,0,0,2,0,2,2,0,1,2,1.1206975118595894,0.8423453673880885
0,0,1,0,1.5787484145580404,1,2,1,2,2,0,0,2,0,1,0,3,1.0287469933497058,2.0219854611023247
1,0,1,0,-0.5865948028013173,1,2,0,0,2,0,0,0,0,0,0,1,-0.2702630590535575,-0.5334741949308796
1,0,1,1,-0.5457392703983105,0,1,0,2,2,0,0,0,0,0,1,3,-1.0008517243048134,-0.7387356371328792
1,0,0,1,-1.281138853652432,0,1,0,0,0,0,0,0,0,0,0,3,-1.3602946602979944,-0.99771551684086
0,0,0,0,-0.9134390620253712,1,2,1,0,0,0,0,0,2,0,0,2,0.7211307132439138,-0.6412204315738929
1,0,0,0,-1.281138853652432,1,0,0,0,0,0,0,0,0,0,0,3,-0.6848763061526685,-0.9887882240591174
0,1,0,0,-1.117716724040405,1,0,1,2,2,0,0,0,0,0,0,2,0.5288705381777937,-0.8427695342032865
0,0,0,0,-0.7500169324133442,1,0,0,0,0,0,2,0,2,1,0,1,-0.1933589890271093,-0.6668532524323619
1,1,1,0,-0.0963284139652362,1,0,0,0,2,0,0,0,0,0,1,0,-0.4842569930401953,-0.3333393169005739
1,0,1,0,1.0884820257219594,1,2,1,2,2,2,0,2,2,1,1,2,1.5135770000381823,1.841274074050118
1,0,0,0,-1.281138853652432,1,0,0,0,0,0,0,0,0,0,1,2,-0.6430806159209033,-0.9882357925750986
0,0,0,0,0.9250598961099324,1,2,1,2,0,2,0,0,0,1,1,1,0.6475702984360069,1.020051527167234
1,0,1,0,-0.3414616083832767,1,2,1,0,0,2,0,2,2,0,1,2,1.2093043751509314,0.0486339084093372
0,0,1,0,-1.117716724040405,1,0,1,2,0,2,0,0,2,0,1,3,0.8030502660981736,-0.8077011835977774
1,1,0,0,0.7207822340948987,1,2,1,0,0,0,0,2,2,0,1,2,1.0304188209589764,1.120306792886953
0,1,1,0,0.9659154285129392,1,2,0,2,2,2,2,0,0,1,1,1,0.1192727739064945,0.765557391109485
1,0,0,0,0.0262381832437839,0,1,0,0,2,0,0,2,0,1,1,2,-0.8620900327353529,-0.429904340307048
1,0,1,1,1.415326284946013,1,0,2,1,1,1,1,1,1,2,1,1,-1.5207901107879729,-0.4408645809499796
0,1,0,0,-1.2402833212494253,1,0,1,0,0,0,0,0,0,0,1,2,0.1928331887144014,-0.9454996929714096
0,0,1,1,0.1079492480497974,1,0,0,2,0,0,2,0,0,1,1,0,-0.3321206805965698,-0.1616436116675524
1,0,0,0,-1.0360056592343916,1,2,1,0,0,2,0,2,0,0,1,2,0.8548769219855624,-0.7461382190187301
1,0,1,1,0.9250598961099324,1,0,2,1,1,1,1,1,1,2,0,3,-1.4840099033840195,-0.4878212570915717
1,0,0,0,0.1488047804528042,1,2,1,0,0,0,0,0,2,0,1,2,0.669304057356525,0.3471236878543376
0,0,0,0,-0.9134390620253712,1,0,2,1,1,1,1,1,1,1,1,3,-1.507415489913808,-0.920794957006092
0,0,0,1,-0.954294594428378,1,0,0,0,0,2,2,2,2,0,1,3,0.2680654311315788,-0.7205274954196218
0,0,0,0,-1.1585722564434118,1,0,1,0,2,2,2,2,2,1,1,2,1.3631125152038277,-0.8122311217667311
0,0,1,1,-0.954294594428378,1,0,2,1,1,1,1,1,1,2,0,3,-1.4890253862118312,-0.9239548650946792
0,0,1,0,-1.2402833212494253,1,0,1,0,0,0,0,0,0,0,1,1,0.1844740506680484,-0.939997475390583
1,0,1,0,0.5982156368858784,1,2,1,2,0,2,2,2,2,1,1,1,1.5369825865679705,1.3232038283373524
1,0,0,0,-1.1994277888464184,1,2,1,0,0,0,0,0,0,0,1,2,0.3182202594096971,-0.9069620726462628
1,0,0,1,0.2305158452588177,1,2,1,0,2,0,0,0,0,0,1,3,0.5673225731910174,0.3800486043018539
0,0,1,0,1.2519041553339865,1,2,1,0,2,2,0,2,2,1,1,2,1.42497013674684,2.029410140247537
1,0,1,1,1.619603946961047,0,1,0,2,2,2,0,0,0,2,0,1,-0.8821519640466002,0.2126839619035394
0,1,1,0,-0.4231726731892902,1,2,2,1,1,1,1,1,1,1,0,0,-1.3134834872384171,-0.7658710716278793
1,0,0,0,0.1488047804528042,1,2,1,0,0,0,0,0,2,0,1,2,0.6642885745287129,0.3395885224123222
0,1,0,0,0.9659154285129392,1,2,1,0,2,2,2,2,2,1,1,2,1.5737627939719243,1.828391371842801
0,0,1,1,0.4347935072738514,1,2,2,1,1,1,1,1,1,1,1,0,-1.3519355222516412,-0.5694927276889008
1,0,1,1,-1.281138853652432,1,0,1,0,0,0,0,0,0,0,1,2,0.2045359819792955,-0.9770324820791988
0,0,0,0,-1.281138853652432,1,0,2,1,1,1,1,1,1,0,1,3,-1.5308210764435966,-0.9999694372956566
1,1,0,0,1.4970373497520268,1,0,2,1,1,1,1,1,1,2,0,1,-1.490697213821102,-0.4090003329517793
1,0,1,0,-1.117716724040405,1,2,1,0,2,0,2,0,0,0,1,2,0.686022333449231,-0.8311463757795324
1,1,0,0,-1.281138853652432,0,1,0,0,2,2,0,0,2,0,1,2,-0.7216565135566219,-0.9892743637650536
1,0,0,0,-1.281138853652432,1,0,0,0,0,0,0,0,0,0,1,3,-0.6932354441990215,-0.988898710355921
1,0,0,0,-1.281138853652432,1,0,2,1,1,1,1,1,1,0,0,3,-1.5207901107879729,-0.999836853739492
1,0,0,0,-1.117716724040405,1,2,1,0,2,2,0,2,2,0,0,3,1.3112858593164385,-0.7689204934196625
0,0,1,1,1.0476264933189527,1,0,0,0,0,0,0,0,0,1,1,3,-0.694907271808292,0.0580252436376556
0,0,0,0,-1.2402833212494253,1,0,1,0,0,2,0,0,0,0,1,2,0.3650314324692738,-0.937367901526654
1,0,1,1,-0.7091614000103375,1,2,0,0,0,2,2,0,0,0,1,0,-0.1749688853251327,-0.6251999185373497
1,0,0,0,-1.1994277888464184,1,0,0,2,0,0,0,0,0,0,1,3,-0.4926161310865484,-0.9373237070079324
0,0,0,0,-0.7091614000103375,1,0,0,0,0,0,0,2,0,1,0,3,-0.2919968179740754,-0.5965618704058187
1,0,1,1,-0.9951501268313848,1,0,2,1,1,1,1,1,1,0,0,1,-1.51243097274162,-0.933390394841719
1,0,0,0,-1.281138853652432,1,0,1,0,0,0,0,2,0,0,1,2,0.4737002270718634,-0.973474823322118
0,1,1,1,1.33361522014,1,2,1,0,2,2,0,2,2,1,1,2,1.4232983091375695,2.1061981165261408
1,0,1,1,1.619603946961047,1,2,2,1,1,1,1,1,1,2,0,1,-1.3636383155165357,-0.2417903713689898
0,0,1,1,1.619603946961047,0,1,0,2,2,2,2,2,2,2,0,0,-0.0144734348351541,0.992717217337987
0,1,1,0,-1.1585722564434118,1,2,1,2,0,0,0,2,2,0,1,2,1.1608213744820837,-0.8547683460361732
0,0,1,1,1.170193090527973,1,2,0,2,2,2,2,0,2,1,1,2,0.485403020336758,1.1220082818577308
1,0,1,0,1.170193090527973,1,2,0,0,2,2,0,2,2,2,0,0,0.5355578486148762,1.171484045566448
0,0,1,1,1.2110486229309796,1,0,0,2,0,2,0,0,0,1,0,1,-0.3388079910336524,0.5054063566553844
0,0,1,1,-0.3823171407862835,1,0,1,0,2,2,2,0,0,0,0,2,0.6325238499525713,-0.1686042483661884
1,0,1,0,1.619603946961047,1,2,1,2,2,2,2,2,2,2,1,0,1.702493519885761,2.71493341739606
1,0,0,0,1.33361522014,1,2,2,1,1,1,1,1,1,2,1,0,-1.3302017633311234,-0.2460551424256144
0,0,1,1,1.2927596877369931,1,2,1,2,2,0,2,2,2,2,0,0,1.518592482865994,2.084012468127948
0,1,1,0,1.3744707525430069,1,2,1,0,2,2,0,2,2,1,0,1,1.3280041354091443,2.005412516581763
0,0,0,0,1.33361522014,0,1,0,2,0,2,2,2,2,2,0,1,-0.1649379196695089,0.7245006832172128
1,0,0,0,-1.281138853652432,1,2,1,0,0,0,0,0,0,0,1,2,0.3483131563765678,-0.9751321177741744
0,0,1,0,-0.9951501268313848,1,0,2,1,1,1,1,1,1,0,0,0,-1.4957126966489138,-0.9393566548691212
0,0,0,0,-1.281138853652432,1,0,1,0,0,0,0,0,0,0,0,2,0.1878177058865894,-0.9772534546728064
0,0,1,1,-0.137183946368243,1,2,2,1,1,1,1,1,1,2,0,3,-1.2967652111457113,-0.7023414509657252
1,0,0,0,-0.9134390620253712,1,2,0,2,0,0,0,0,0,0,1,1,-0.3471671290800054,-0.7572973349959085
0,1,0,0,0.1896603128558109,1,2,1,2,2,0,0,2,2,0,1,0,1.3998927226077809,0.7844505478629256
0,0,1,1,1.2927596877369931,1,2,0,0,2,0,0,0,0,1,1,0,-0.3689008880005233,0.4941367543814022
1,0,1,1,-1.0360056592343916,1,0,0,0,0,2,0,0,0,0,0,2,-0.5410991317553959,-0.8580387404215642
1,0,0,1,-1.281138853652432,1,0,1,0,0,0,0,0,0,0,1,2,0.2262697408998136,-0.976745217707509
1,0,0,0,-1.281138853652432,1,0,1,0,0,0,0,2,2,0,1,2,0.8364868182835858,-0.9686797180408356
1,0,1,1,1.0476264933189527,1,0,2,1,1,1,1,1,1,1,1,2,-1.5157746279601612,-0.5183817667874879
0,0,1,0,0.8433488313039189,1,2,1,0,2,0,0,2,2,0,1,1,1.1206975118595894,1.2673861511921
1,0,0,0,0.1079492480497974,1,2,2,1,1,1,1,1,1,0,1,2,-1.3134834872384171,-0.610107490393958
0,1,1,0,1.5378928821550335,1,2,1,2,2,2,2,2,2,2,1,1,1.608871173766607,2.5216707870269475
0,0,1,0,-1.2402833212494253,1,2,1,0,0,0,0,2,0,0,1,2,0.6408829879989243,-0.949167838025294
1,0,0,0,-0.9134390620253712,1,2,0,0,0,0,0,2,2,0,1,1,0.2429880169925197,-0.6573956254259613
1,0,0,0,-1.1994277888464184,1,0,2,1,1,1,1,1,1,0,0,3,-1.5057436623045373,-0.9798830285367354
0,0,0,0,-0.0963284139652362,1,0,1,0,0,0,2,2,2,1,1,0,0.9869513031179408,0.1574850080203878
1,0,0,0,0.3939379748708447,1,2,1,0,2,0,0,2,2,0,1,2,1.23270996168072,0.8802200699324126
1,0,0,0,-0.5457392703983105,1,0,2,1,1,1,1,1,1,1,0,3,-1.5408520420992202,-0.885019494101039
0,1,0,0,-0.8725835296223645,1,2,0,2,0,0,0,0,0,0,1,2,-0.310386921676052,-0.7517288256369997
1,0,1,0,1.5787484145580404,1,2,1,0,2,2,2,2,2,2,1,1,1.461750344150793,2.390545649980261
0,0,0,1,0.1079492480497974,1,0,2,1,1,1,1,1,1,1,1,1,-1.4973845242581842,-0.7235769172114052
1,1,1,0,0.7616377664979054,1,2,1,2,0,2,0,2,0,0,1,0,0.9668893718066932,1.0912488968275678
1,1,0,0,-0.5048837379953037,1,0,1,0,0,0,0,0,0,0,0,1,0.214566947634919,-0.3944603362924062
1,1,1,0,0.0262381832437839,1,0,1,2,2,0,2,0,2,1,1,2,0.95853023376034,0.3419529291639224
0,0,1,0,1.5787484145580404,1,2,1,0,2,2,0,2,2,2,1,0,1.3463942391111214,2.330485299037745
0,1,0,0,1.3744707525430069,1,2,1,2,0,0,0,2,2,2,1,0,1.254443720601238,1.851792369505835
0,0,0,0,-0.954294594428378,1,2,1,0,0,0,0,0,0,0,1,2,0.3299230526745911,-0.6961321210853547
1,0,0,1,-1.281138853652432,1,0,0,2,0,0,0,0,0,0,0,3,-0.4775696826031129,-0.9860481638983845
1,0,1,1,-0.0963284139652362,1,2,0,2,0,0,0,0,0,0,1,0,-0.3488389566892759,-0.3062922714430168
1,0,0,0,-1.0360056592343916,1,2,1,0,0,0,0,2,2,0,1,2,0.9685611994159636,-0.7275102293776186
0,0,0,0,-1.2402833212494253,1,0,1,0,0,0,0,0,2,0,0,2,0.5305423657870643,-0.9379424302700334
0,1,0,0,-0.6683058676073308,1,2,1,0,0,0,0,2,2,0,1,2,1.045465269442412,-0.3325880100823084
0,0,0,0,0.0670937156467907,1,0,1,0,0,0,0,0,0,0,1,1,0.1710994297938833,0.0593731764586612
0,1,0,0,-1.117716724040405,0,1,0,0,2,0,0,0,0,0,0,2,-1.2181893135099926,-0.9504936735869388
0,0,0,0,-1.281138853652432,1,0,1,0,0,0,0,0,0,0,0,2,0.2162387752441895,-0.9768778012636736
1,0,1,0,1.415326284946013,1,2,0,2,2,2,2,0,0,2,0,1,0.2011923267607544,1.0586112447517413
1,0,1,1,-0.464028205592297,1,0,2,1,1,1,1,1,1,1,0,3,-1.507415489913808,-0.8536855803274966
1,0,1,1,1.4970373497520268,1,2,0,0,2,2,2,2,2,2,1,0,0.5706662284095589,1.4671011812945511
1,0,1,0,-0.8725835296223645,1,0,0,0,0,0,0,0,0,0,1,0,-0.6347214778745502,-0.7777593971639623
1,0,0,0,-1.281138853652432,1,0,2,1,1,1,1,1,1,0,0,3,-1.490697213821102,-0.9994391030709984
1,0,0,0,-1.281138853652432,1,0,0,0,0,0,2,0,0,0,0,1,-0.5310681660997724,-0.9867552761979284
0,0,0,0,0.1488047804528042,1,2,1,0,2,2,0,2,2,1,1,0,1.334691445846227,0.7091872824802137
0,0,0,0,-0.5865948028013173,1,2,1,0,0,0,2,2,2,0,1,0,1.169180512528437,-0.223096089949796
0,0,1,0,1.619603946961047,1,2,2,1,1,1,1,1,1,2,1,3,-1.3001088663642524,-0.2235159378776502
1,0,1,1,0.9250598961099324,1,0,0,2,2,0,2,0,0,2,0,0,-0.2451856449144983,0.337931227960266
0,0,0,0,-1.281138853652432,1,0,0,0,0,0,0,0,0,0,1,3,-0.6982509270268332,-0.9889650021340034
1,0,1,0,-1.117716724040405,0,1,0,0,0,0,0,0,0,0,1,2,-1.3352172461589351,-0.9640392935750782
0,0,1,1,1.2110486229309796,0,1,0,2,2,0,2,2,0,2,0,0,-0.5410991317553959,0.3212036026241789
1,0,1,0,-1.1994277888464184,1,0,2,1,1,1,1,1,1,0,1,1,-1.4823380757747489,-0.9858050940454162
0,0,0,0,-0.9951501268313848,1,0,1,0,0,0,0,2,0,0,1,0,0.5054649516480051,-0.7323716264369834
1,0,0,0,-1.281138853652432,1,0,2,1,1,1,1,1,1,0,1,2,-1.5057436623045373,-0.9996379784052452
0,0,1,0,-0.7091614000103375,1,0,1,0,0,0,0,2,2,0,0,2,0.7779728519591146,-0.3938416130303053
0,0,0,0,-0.790872464816351,1,0,0,2,2,0,2,0,2,0,0,0,0.0975390149859764,-0.636182256439642
1,0,0,0,-0.9134390620253712,1,2,2,1,1,1,1,1,1,0,1,2,-1.3669819707350768,-0.9082879082079078
0,0,0,0,-0.790872464816351,1,2,1,2,0,0,0,2,2,0,1,2,1.1858987886211427,-0.407873372724381
0,0,1,1,1.415326284946013,1,2,1,0,2,2,2,2,2,1,1,1,1.5871374148460888,2.256879328107089
1,0,0,0,0.1079492480497974,1,0,0,2,2,2,0,0,0,1,0,3,-0.1231422294377437,-0.115150977972536
0,0,1,1,1.619603946961047,1,2,1,2,0,2,2,2,2,2,0,3,1.4232983091375695,2.34007550960031
0,0,0,0,0.0670937156467907,1,0,1,0,2,0,0,0,0,0,1,1,0.3031738109262615,0.1072579374934047
1,0,0,0,-0.954294594428378,1,0,0,2,0,0,2,0,2,0,0,3,0.0022448412575519,-0.7663130168150942
0,1,1,0,0.3939379748708447,1,2,1,2,0,2,0,2,2,1,1,0,1.348066066720392,1.024161617408333
0,0,0,0,-1.2402833212494253,0,1,0,0,0,0,0,0,0,0,0,2,-1.3502636946423707,-0.9879043336846872
0,0,0,0,0.2713713776618244,0,1,0,0,0,2,0,2,2,0,1,2,-0.4725541997753011,-0.1194820408072428
1,1,1,0,-0.8317279972193578,1,0,1,0,0,0,0,0,2,0,1,2,0.5205114001314407,-0.5884742734797844
0,1,0,0,-1.1994277888464184,1,2,1,0,0,0,0,0,0,0,1,1,0.3399540183302147,-0.895162136147623
1,0,0,0,-0.8317279972193578,0,1,0,2,2,0,2,2,0,0,1,0,-0.4658668893382185,-0.7407022932159858
0,1,0,0,0.5982156368858784,1,2,1,0,2,0,2,2,0,0,1,2,1.0086850620384582,0.9823536026977956
1,0,0,0,-1.281138853652432,1,0,1,0,0,0,0,0,0,0,1,2,0.1493656708733652,-0.9777616916381036
1,1,1,0,-0.30060607598027,1,2,1,2,0,0,0,0,2,1,1,2,0.8080657489259852,-0.0460970424701948
0,0,0,0,-1.1585722564434118,1,0,1,0,0,0,0,0,2,0,1,2,0.4770438822904049,-0.8682034797275089
0,0,1,0,1.33361522014,1,2,1,2,2,0,2,2,0,1,1,0,1.1792114781840606,1.927652260891287
1,0,1,1,0.2305158452588177,1,2,1,0,0,2,2,2,0,2,1,0,1.0036695792106467,0.5897736928947249
0,0,1,1,0.1896603128558109,1,2,1,0,0,0,0,2,2,0,1,2,1.0153723724755408,0.4562620518370781
0,0,0,0,-0.8317279972193578,1,0,1,0,0,2,0,2,2,0,1,2,1.0404497866146,-0.5390206070304278
0,0,0,0,-1.281138853652432,1,0,1,0,0,2,0,0,0,0,0,2,0.3834215361712504,-0.9746680753275988
0,0,0,0,-0.8317279972193578,0,1,0,2,0,0,2,0,0,1,1,3,-1.0459910697551198,-0.8159655585986977
0,1,0,0,0.3122269100648312,0,1,0,2,2,0,0,2,2,0,1,2,-0.3036996112389696,-0.0761935097195352
0,0,0,0,1.129337558124966,0,1,0,0,2,0,0,2,2,0,1,2,-0.4708823721660305,0.3295342694031813
0,0,0,0,-0.627450335204324,1,0,2,1,1,1,1,1,1,2,0,3,-1.5207901107879729,-0.8501721160891376
0,0,0,0,-1.0768611916373982,1,0,1,2,2,2,2,0,2,0,1,0,1.1123383738132362,-0.7576287938863198
0,0,1,1,1.0476264933189527,1,2,0,2,0,2,2,2,0,2,0,3,0.3650314324692738,0.943108870073105
0,1,0,0,-0.30060607598027,1,2,1,2,2,0,0,2,2,0,1,3,1.2678183414754027,0.1672519966578389
0,0,1,0,1.170193090527973,1,2,2,1,1,1,1,1,1,2,0,3,-1.353607349860912,-0.3817765094193361
1,0,1,1,-0.1780394787712498,1,2,1,0,0,0,0,2,2,1,0,0,0.9133908883100338,0.1265709421746997
0,0,1,1,-0.3414616083832767,1,2,0,2,0,2,0,2,2,2,0,1,0.4586537785884279,-0.1922925104009115
0,0,1,1,-0.8317279972193578,1,2,1,0,2,2,0,0,0,0,1,2,0.6559294364823599,-0.6031910482140433
0,0,0,0,-1.281138853652432,1,2,0,0,0,0,0,0,0,0,1,0,-0.4993034415236307,-0.9863354282700744
1,0,1,0,1.2519041553339865,1,0,2,1,1,1,1,1,1,2,0,3,-1.5258055936157846,-0.4614371294148371
1,0,0,0,-1.281138853652432,1,0,1,0,0,0,0,0,0,0,1,2,0.1727712574031538,-0.9774523300070528
0,0,1,0,-1.0768611916373982,1,2,1,0,2,2,0,2,2,0,1,2,1.3514097219389332,-0.7674620743018531
1,0,1,0,-0.5865948028013173,1,0,1,0,0,2,2,0,0,0,0,2,0.4452791577142633,-0.3593035966494542
0,0,1,1,0.5165045720798649,1,0,0,0,2,0,2,0,0,1,1,1,-0.3588699223448997,0.0168138549298583
0,0,0,0,-0.954294594428378,1,0,1,0,0,0,0,2,0,0,1,0,0.4268890540122866,-0.6927954349218814
0,0,0,1,0.5573601044828717,1,0,1,2,2,0,2,2,2,1,1,0,1.348066066720392,1.1230247557883253
1,0,0,0,-0.5457392703983105,1,0,1,0,2,0,0,0,0,0,1,1,0.29983015570772,-0.3788596711837173
1,0,0,0,-0.627450335204324,1,0,2,1,1,1,1,1,1,2,0,1,-1.5191182831787022,-0.8453107190297727
1,0,1,0,-1.1585722564434118,0,1,0,0,2,0,0,2,2,0,1,2,-0.546114614583208,-0.9195796077412508
0,0,0,0,0.4347935072738514,0,1,0,0,0,2,0,2,2,0,1,0,-0.5293963384905018,-0.090843992675712
1,0,1,0,-0.9134390620253712,1,2,1,0,0,0,0,0,2,0,1,2,0.6810068506214191,-0.6304148717464865
0,0,0,0,-0.0554728815622295,1,2,1,2,2,0,0,2,2,0,0,2,1.3196449973627915,0.4082889017648915
0,0,0,0,-0.9134390620253712,0,1,0,2,0,0,0,0,0,0,0,3,-1.1747217956689568,-0.8749873383512589
0,0,1,0,-1.2402833212494253,0,1,0,0,0,0,0,2,2,0,0,2,-0.6781889957155859,-0.9654977126928878
0,0,1,0,0.0262381832437839,1,0,2,1,1,1,1,1,1,0,0,3,-1.4990563518674551,-0.7125503847903913
1,0,1,1,-0.8725835296223645,1,2,0,2,0,0,0,2,0,0,1,0,0.0089321516946344,-0.6887295391995037
0,0,1,0,1.129337558124966,1,0,1,2,0,0,2,2,2,2,1,2,1.0805736492370943,1.4716753139822265
0,1,1,1,1.619603946961047,1,2,0,2,2,2,2,2,2,2,0,1,0.9217500263563868,1.8378269015898407
0,0,0,0,-0.5048837379953037,1,0,2,1,1,1,1,1,1,1,0,3,-1.5174464555694316,-0.8302403881457416
0,1,0,0,-0.7500169324133442,1,2,1,0,2,0,0,0,0,0,1,2,0.4703565718533224,-0.521453285838632
1,0,0,0,-0.5457392703983105,0,1,0,0,0,2,0,2,0,0,1,2,-0.8436999290333763,-0.6843100873273539
1,0,0,0,-0.8317279972193578,1,0,0,0,2,0,2,0,0,0,1,3,-0.3722445432190645,-0.7217428446844629
1,0,0,1,-1.281138853652432,1,0,0,0,0,0,0,0,0,0,1,2,-0.6848763061526685,-0.9887882240591174
1,0,0,1,0.2305158452588177,1,2,1,0,0,2,0,2,2,0,1,0,1.1491185812171896,0.660882673517616
1,0,0,0,-0.2597505435772633,0,1,0,0,0,2,2,0,0,0,0,2,-0.9741024825564836,-0.5565216364441411
1,0,1,0,0.8433488313039189,1,0,1,0,2,0,0,2,2,1,1,0,0.9819358202901286,1.142956483731721
0,0,1,1,-0.4231726731892902,1,0,0,0,2,0,0,2,2,1,1,0,0.1543811537011772,-0.3462883108859729
0,0,0,0,-1.117716724040405,1,0,1,0,0,0,0,2,0,0,1,1,0.5389015038334173,-0.8362287454325048
1,0,0,0,-1.117716724040405,0,1,0,2,0,2,2,0,0,0,0,3,-0.831997135768482,-0.9096579382882743
0,0,1,0,0.1896603128558109,1,2,0,2,0,2,2,0,0,1,0,1,0.1075699806416,0.0872820150312875
1,1,1,0,1.619603946961047,1,2,0,0,0,2,0,2,2,2,1,1,0.2864555348335554,1.3467153122971895
0,0,1,0,1.415326284946013,1,2,0,0,2,2,2,2,2,2,0,0,0.7110997475882902,1.5919285994234238
0,0,1,1,1.5378928821550335,1,2,1,0,2,2,0,2,2,1,1,2,1.3915335845614278,2.260657959457778
0,0,0,0,-0.0963284139652362,1,0,1,0,0,0,2,2,0,0,0,2,0.677663195402878,0.1211571136313161
0,0,0,0,0.0670937156467907,1,2,1,2,2,2,0,2,2,0,1,3,1.501874206773288,0.5769572824654904
1,0,0,0,-1.1585722564434118,1,0,2,1,1,1,1,1,1,1,0,3,-1.502400007085996,-0.9782699286034008
0,0,0,0,-1.281138853652432,1,0,1,0,0,0,0,0,0,0,0,2,0.1744430850124243,-0.9774302327476924
1,0,0,0,-1.117716724040405,1,0,1,0,0,0,0,0,2,0,0,3,0.4636692614162399,-0.8199872598023541
1,1,0,0,-1.281138853652432,1,2,1,0,0,0,0,0,0,0,1,2,0.386765191389792,-0.9746238808088772
0,0,1,1,-1.0768611916373982,1,0,0,0,0,0,2,0,0,0,1,3,-0.537755476536855,-0.8769981889530871
0,0,1,1,0.9250598961099324,1,0,2,1,1,1,1,1,1,2,0,3,-1.490697213821102,-0.5315296361071337
0,0,1,1,1.5787484145580404,1,0,0,2,0,2,2,2,2,2,1,1,0.5723380560188295,1.643194241140362
0,0,0,0,-1.281138853652432,1,0,2,1,1,1,1,1,1,0,1,3,-1.5141028003508905,-0.999748464702049
0,1,0,0,-1.1585722564434118,1,2,1,0,0,2,0,0,2,0,1,2,0.8013784384889027,-0.8438081053932417
1,0,1,0,1.170193090527973,1,2,0,0,2,2,0,2,2,1,1,2,0.4987776412109225,1.163661615752743
0,0,1,1,-1.281138853652432,1,0,0,0,0,0,0,0,0,0,1,0,-0.686548133761939,-0.988810321318478
0,1,0,0,-1.2402833212494253,1,0,1,0,0,0,0,0,2,0,1,2,0.49209033077384,-0.9222091816051798
0,0,0,0,-0.7091614000103375,1,0,1,2,0,0,0,2,0,0,0,2,0.7127715751975607,-0.4470518135709894
0,0,0,0,-0.8725835296223645,1,0,2,1,1,1,1,1,1,1,0,1,-1.4990563518674551,-0.9033602193704608
0,0,1,1,1.619603946961047,1,2,2,1,1,1,1,1,1,2,1,0,-1.2917497283178994,-0.1298014609287128
0,0,0,0,1.129337558124966,0,1,0,2,0,2,0,0,2,1,1,2,-0.6832044785433977,0.2175011644441827
1,0,0,0,-0.30060607598027,1,0,2,1,1,1,1,1,1,1,1,0,-1.5174464555694316,-0.7802342902123662
1,1,1,0,-0.3414616083832767,0,1,0,2,0,0,0,0,2,0,0,0,-0.8620900327353529,-0.5791492300295483
0,1,0,0,-0.0554728815622295,1,0,1,2,0,0,0,0,0,0,1,1,0.2897991900520965,-0.0826901039715954
1,0,0,0,-0.8725835296223645,0,1,0,0,2,0,2,0,0,0,1,2,-0.977446137775025,-0.8205396912863728
1,0,0,0,-1.117716724040405,1,2,1,0,2,2,0,2,2,0,0,2,1.3514097219389332,-0.7650755702908922
1,1,1,1,-0.4231726731892902,0,1,0,2,0,0,0,0,2,0,0,3,-0.8303253081592115,-0.6194104365848333
0,0,0,0,-1.281138853652432,1,0,2,1,1,1,1,1,1,0,0,2,-1.5090873175230786,-0.9996821729239668
1,0,0,0,-0.5865948028013173,1,2,1,0,0,0,0,0,0,0,1,0,0.3583441220321913,-0.3918749569471986
0,0,0,0,-1.1994277888464184,1,0,1,0,0,0,0,2,2,0,1,2,0.8214403698001502,-0.9021448701056196
1,0,1,1,0.679926701691892,1,2,1,0,0,0,0,2,0,0,0,2,0.6559294364823599,0.8719998894502141
1,1,0,0,-1.2402833212494253,1,0,1,0,2,0,0,0,0,0,1,2,0.3282512250653207,-0.9353128564061042
1,1,0,0,1.33361522014,1,0,1,0,2,2,0,2,2,0,1,0,1.1441030983893774,1.8625316375551588
1,0,1,1,0.3939379748708447,1,0,0,2,2,0,0,0,0,0,0,3,-0.3471671290800054,0.0085715771882988
1,0,1,1,-0.5865948028013173,1,0,2,1,1,1,1,1,1,1,0,0,-1.4990563518674551,-0.8555417501137995
1,0,0,1,-1.281138853652432,0,1,0,0,2,0,0,0,0,0,1,3,-1.1212233121722972,-0.994555608752273
0,1,0,0,-1.117716724040405,0,1,0,0,0,0,0,2,2,0,0,2,-0.6414087883116325,-0.9209054433028958
1,1,1,0,-0.9134390620253712,1,2,1,0,0,0,0,0,2,0,0,2,0.6910378162770426,-0.6319837771610997
1,1,1,0,1.5378928821550335,1,2,1,0,2,2,0,2,2,0,1,2,1.272833824303215,2.130063156635749
1,1,1,1,0.3530824424678379,1,2,1,0,2,2,2,2,2,1,1,2,1.5737627939719243,0.9957666391297704
1,0,1,1,-0.7091614000103375,1,0,2,1,1,1,1,1,1,0,1,2,-1.5007281794767255,-0.8811082791941864
0,0,0,0,-1.281138853652432,1,2,1,0,2,0,0,2,2,0,1,1,1.1825551334026017,-0.9641055853531604
1,0,0,0,-0.30060607598027,1,0,1,0,0,0,0,0,0,0,0,2,0.1627402917475302,-0.2441326808612293
0,0,0,0,-0.627450335204324,1,0,2,1,1,1,1,1,1,1,0,3,-1.4957126966489138,-0.8521166749128833
1,0,0,1,-0.9134390620253712,1,2,1,0,0,0,0,2,2,0,0,2,1.0137005448662704,-0.597224788186641
1,0,0,0,0.1896603128558109,1,2,1,0,0,0,2,2,2,0,0,0,1.134072132733754,0.5275920050535766
1,0,1,0,1.4970373497520268,1,2,1,0,0,2,0,2,2,1,0,0,1.1574777192635426,2.0151353107004923
0,0,0,1,-0.8317279972193578,1,0,0,0,0,0,0,0,0,0,1,2,-0.6798608233248566,-0.7960117333959412
1,1,0,0,-1.281138853652432,1,2,1,0,0,0,0,0,0,0,1,2,0.3499849839858382,-0.9751100205148135
0,1,0,0,-1.2402833212494253,1,0,1,0,0,0,0,0,0,0,1,2,0.1828022230587773,-0.946958112089219
1,1,1,0,0.679926701691892,1,0,0,0,2,0,0,0,0,2,0,3,-0.5043189243514428,0.0515507466449561
1,0,1,1,-0.5865948028013173,1,0,0,0,0,2,0,0,2,0,0,2,-0.2485293001330394,-0.5705092016194954
0,0,0,0,0.5982156368858784,1,2,0,2,2,0,2,0,2,2,0,3,0.3065174661448026,0.5367623676882876
1,0,0,0,1.4561818173490202,1,2,1,2,2,2,2,2,2,1,1,1,1.7493046929453382,2.5430388368287917
1,0,1,1,-0.8317279972193578,0,1,0,0,2,0,2,0,0,0,0,3,-0.9824616206028368,-0.8173797831977856
0,0,0,0,-1.281138853652432,1,2,1,0,2,0,0,0,0,0,1,3,0.5121522620850876,-0.972966586356821
1,1,0,0,-0.954294594428378,1,2,1,0,0,2,0,2,2,0,1,2,1.190914271448955,-0.6024397413957779
0,0,0,0,-0.9951501268313848,1,0,0,2,2,0,2,0,0,1,0,0,-0.2234518859939802,-0.8010278112708312
0,0,0,0,0.5573601044828717,1,0,2,1,1,1,1,1,1,2,1,2,-1.4639479720727722,-0.5942637554323008
1,0,0,0,-0.954294594428378,1,2,1,0,0,0,0,0,0,0,1,2,0.3800778809527094,-0.7057444289072806
0,0,1,0,0.8433488313039189,1,0,1,0,0,0,2,2,2,1,1,2,0.955186578541799,1.1448347507773846
1,1,0,0,0.5165045720798649,1,2,1,0,0,0,0,2,2,0,1,0,0.9702330270252344,0.8478696822282759
1,0,0,0,0.679926701691892,1,2,1,0,2,0,2,2,2,1,1,0,1.3965490673892398,1.2756063316742987
0,0,0,0,1.619603946961047,1,2,1,0,2,2,2,2,2,2,1,1,1.4433602404488166,2.441678708141036
1,0,0,0,-0.6683058676073308,1,0,2,1,1,1,1,1,1,0,0,0,-1.4923690414303723,-0.863695638817916
1,0,0,0,-0.9951501268313848,1,2,1,0,2,0,0,2,2,0,0,2,1.2026170647138488,-0.6462144121894222
0,0,1,0,1.4561818173490202,0,1,0,2,0,2,0,2,2,1,1,2,-0.3505107842985467,0.6372386060016143
1,0,1,0,-1.117716724040405,1,2,1,2,0,0,0,0,2,0,1,2,0.8114094041445267,-0.8257767417548704
0,0,0,0,-0.137183946368243,1,2,1,0,0,2,0,2,2,0,1,1,1.1273848222966714,0.2879030327675297
0,0,1,1,1.4970373497520268,0,1,0,0,2,2,0,2,2,2,1,1,-0.3321206805965698,0.6588276283970662
1,0,1,0,1.0884820257219594,1,2,1,0,0,2,0,2,2,1,1,0,1.1574777192635426,1.6260688651357813
0,1,0,0,1.415326284946013,1,2,0,0,2,0,0,0,0,0,0,2,-0.3337925082058406,0.638056204597962
0,0,0,0,-0.7091614000103375,1,2,2,1,1,1,1,1,1,0,1,1,-1.3201707976754995,-0.8318092935603549
1,0,0,0,-1.2402833212494253,1,0,2,1,1,1,1,1,1,1,0,1,-1.5241337660065142,-0.9959035415732784
0,0,0,0,-0.5865948028013173,1,0,1,2,0,0,0,0,0,0,1,2,0.3516568115951092,-0.398349453939898
1,0,1,0,1.619603946961047,1,2,0,2,2,2,2,2,2,2,1,1,0.7963629556610912,1.7765953959012049
0,0,0,0,0.8433488313039189,1,2,1,0,2,2,0,2,2,2,0,2,1.3597688599852862,1.502832449680883
1,0,0,0,1.2927596877369931,1,2,1,0,0,2,2,2,2,1,1,1,1.3296759630184154,2.036503360502337
1,0,0,0,-1.1585722564434118,1,2,1,0,2,0,0,0,2,0,1,2,0.8415023011113973,-0.8457305669576269
0,0,0,0,-1.1994277888464184,1,0,2,1,1,1,1,1,1,0,0,3,-1.5057436623045373,-0.9802365846865074
0,0,0,0,-1.281138853652432,0,1,0,0,0,0,0,0,0,0,1,3,-1.3302017633311234,-0.9973177661723666
1,0,1,0,1.619603946961047,1,2,1,2,2,2,2,2,2,2,1,2,1.694134381839408,2.715110195470946
0,0,0,0,-0.3823171407862835,1,0,1,0,2,0,2,0,0,0,1,3,0.4753720546811339,-0.2200908626767341
0,0,0,0,-1.281138853652432,1,0,2,1,1,1,1,1,1,0,1,3,-1.494040869039643,-0.99948329758972
1,0,0,0,-1.281138853652432,0,1,0,0,0,0,0,2,2,0,1,3,-0.6547834091857976,-0.9883904733906238
0,0,1,1,0.0670937156467907,0,1,0,2,0,2,2,2,2,1,0,3,-0.1214704018284732,-0.1275254432145556
1,0,0,0,0.7616377664979054,1,2,0,2,0,0,2,0,0,1,0,1,-0.1666097472787797,0.336693781436064
1,0,0,0,-1.2402833212494253,1,0,2,1,1,1,1,1,1,0,0,3,-1.5057436623045373,-0.9856062187111696
1,0,0,1,-0.954294594428378,1,0,0,0,0,0,0,2,0,0,0,2,-0.318746059722405,-0.8096457424215234
0,0,0,0,-0.7091614000103375,1,0,2,1,1,1,1,1,1,1,0,1,-1.4973845242581842,-0.8747442684982906
0,0,1,1,0.3122269100648312,1,2,1,0,0,2,2,0,0,0,1,2,0.667632229747254,0.4513564602589918
0,0,0,0,0.9659154285129392,1,2,1,0,2,0,2,2,2,0,1,0,1.356425204766745,1.6065569851202397
0,1,1,0,1.619603946961047,1,2,1,0,2,2,2,2,2,2,1,1,1.5353107589587,2.4751118615538488
0,0,1,0,-0.137183946368243,1,0,2,1,1,1,1,1,1,0,0,3,-1.5057436623045373,-0.7551539008379159
0,1,0,0,0.1896603128558109,1,2,1,0,0,0,0,2,2,0,1,2,1.0588398903165763,0.5738857634143463
0,0,0,0,-1.1994277888464184,1,0,0,0,2,0,2,2,2,0,1,2,0.3483131563765678,-0.900531770172285
1,0,0,0,1.3744707525430069,1,2,2,1,1,1,1,1,1,1,0,0,-1.318498970066229,-0.2574794255151217
1,0,1,0,0.3939379748708447,1,2,1,0,0,2,2,2,2,1,1,2,1.4517193784951696,1.018416329974538
1,0,1,1,0.3939379748708447,1,0,2,1,1,1,1,1,1,1,0,3,-1.4923690414303723,-0.6305916498213724
0,0,0,0,-0.790872464816351,0,1,0,0,0,2,0,2,2,0,0,2,-0.5260526832719606,-0.7214113857940517
0,0,1,1,1.619603946961047,0,1,0,2,0,2,0,2,2,2,1,1,-0.370572715609794,0.7383556648364026
0,0,1,1,-1.281138853652432,1,0,1,0,0,0,0,2,0,0,1,3,0.5071367792572756,-0.9730328781349032
0,1,1,0,1.33361522014,1,2,1,2,0,2,0,2,2,0,0,0,1.3497378943296623,1.990806228144308
1,0,0,0,-1.281138853652432,1,0,0,0,0,0,0,2,0,0,1,3,-0.3806036812654176,-0.984766522855461
0,0,0,0,-1.281138853652432,1,0,1,0,0,0,0,0,2,0,1,2,0.4954339859923815,-0.9731875589504284
0,0,1,1,0.0670937156467907,1,0,2,1,1,1,1,1,1,1,1,0,-1.4973845242581842,-0.7069597781721219
1,0,0,0,1.2927596877369931,1,0,1,2,2,0,0,2,2,1,1,1,1.1842269610118723,1.9101070369588515
0,1,0,0,0.3939379748708447,1,2,1,0,0,0,0,2,0,0,1,2,0.660944919310172,0.5566719983723225
1,1,1,0,0.4756490396768582,1,2,1,0,2,0,0,0,2,1,0,3,0.7863319900054676,0.7208767326820501
1,0,1,0,1.129337558124966,1,0,1,0,2,0,0,2,2,1,1,2,0.9869513031179408,1.471012396201404
0,1,0,0,-0.2597505435772633,1,2,1,2,2,0,0,0,2,0,1,2,1.0070132344291878,0.0952149311417964
1,0,1,0,0.3122269100648312,1,0,0,0,2,0,0,0,0,0,1,3,-0.4926161310865484,-0.0986664224894171
1,0,1,1,-0.6683058676073308,1,0,2,1,1,1,1,1,1,2,0,3,-1.4840099033840195,-0.880003416226149
1,0,0,0,-0.790872464816351,1,0,1,0,0,0,0,0,2,0,1,2,0.5338860210056052,-0.5626204800277078
0,0,0,0,-1.0360056592343916,1,2,1,0,0,0,0,0,0,0,0,3,0.3533286392043798,-0.7959454416178589
0,0,0,0,-1.1994277888464184,1,0,0,0,0,2,0,2,2,1,1,2,0.1694276021846128,-0.9109837738499196
1,1,1,1,-1.281138853652432,1,0,0,0,0,0,2,0,0,0,1,1,-0.5227090280534193,-0.9866447899011248
0,0,1,1,0.0262381832437839,1,2,2,1,1,1,1,1,1,1,0,1,-1.361966487907265,-0.6547218570433107
1,0,0,0,-1.0360056592343916,1,2,1,0,0,2,0,2,0,0,1,1,0.8180967145816087,-0.7291675238296748
0,1,0,0,-1.1994277888464184,1,0,0,0,0,0,0,0,0,0,0,2,-0.6648143748414211,-0.952239357076438
1,0,0,0,-0.0963284139652362,1,0,1,2,2,2,0,0,0,0,1,1,0.6492421260452773,0.0693169431709984
0,1,1,0,1.5378928821550335,1,2,1,0,0,0,0,0,0,2,1,1,0.3600159496414623,1.383131595723704
0,0,1,1,1.619603946961047,1,2,0,2,2,2,2,0,2,2,0,0,0.5338860210056052,1.565809638859018
0,0,1,1,0.9659154285129392,1,0,1,0,0,0,0,2,2,1,0,0,0.8030502660981736,1.1871730997125802
0,0,0,0,-1.1585722564434118,1,0,1,0,0,0,0,2,0,0,1,2,0.4720283994625929,-0.8744349068672401
0,0,1,0,0.7616377664979054,1,0,1,0,0,0,0,0,0,0,0,3,0.1426783604362831,0.6045125648883446
0,0,0,0,-0.790872464816351,1,0,1,0,0,0,0,2,0,0,1,3,0.5689944008002884,-0.5536931872459652
0,1,1,0,1.619603946961047,1,2,1,2,2,2,2,2,2,2,1,0,1.6707287953096193,2.667667379623418
1,0,0,0,-1.281138853652432,1,0,1,0,0,0,0,0,0,0,0,2,0.1694276021846128,-0.9774965245257746
1,1,1,0,-1.0360056592343916,0,1,0,2,0,0,0,0,0,0,0,0,-1.1730499680596862,-0.9109837738499196
1,0,0,0,-1.117716724040405,1,0,0,0,0,2,0,2,2,0,1,2,0.1727712574031538,-0.855320777520192
0,0,0,0,-1.281138853652432,1,0,2,1,1,1,1,1,1,0,0,3,-1.5174464555694316,-0.9997926592207704
0,0,1,1,1.4970373497520268,1,2,0,2,2,0,2,2,0,1,0,1,0.2948146728799085,1.1508673025828693
1,0,0,0,-1.1585722564434118,1,0,1,0,0,2,0,0,0,0,1,2,0.301501983316991,-0.8842902845421343
0,0,1,0,0.0670937156467907,1,0,0,0,0,0,2,0,0,0,0,0,-0.4909443034772777,-0.2061474920201013
0,0,0,0,0.4756490396768582,0,1,0,0,0,2,0,2,2,1,1,2,-0.5293963384905018,-0.0074047413295228
0,0,1,0,1.619603946961047,1,2,1,2,0,2,2,2,2,2,1,1,1.5135770000381823,2.4746478191072727
1,1,1,0,-0.2188950111742565,1,2,0,0,2,2,2,2,2,0,1,0,0.6659604021379835,0.0122839167609047
1,1,0,0,-1.2402833212494253,1,2,1,0,0,0,0,0,0,0,1,3,0.3332667078931322,-0.9392903630910392
1,1,0,0,-0.5457392703983105,1,2,1,0,0,2,0,0,0,0,1,2,0.500449468820193,-0.3579777610878092
0,0,1,0,1.619603946961047,1,2,0,2,0,2,2,2,2,2,1,0,0.669304057356525,1.672119553643583
0,1,0,0,1.006770960915946,0,1,0,0,2,2,0,2,2,0,1,2,-0.3304488529872993,0.35898991613106
0,1,0,0,-0.0554728815622295,1,2,1,0,2,0,0,2,2,0,1,2,1.1725241677469782,0.3999140404671676
0,0,1,1,0.6390711692888852,1,2,1,0,0,0,0,0,2,1,1,3,0.5740098836281,0.7726064168455639
0,0,0,0,-0.8317279972193578,1,0,1,0,0,2,2,0,2,0,1,2,0.8197685421908798,-0.524193345999365
1,0,1,1,1.2519041553339865,1,0,2,1,1,1,1,1,1,2,0,3,-1.5157746279601612,-0.4579236651764781
1,0,1,0,1.4970373497520268,0,1,0,0,2,2,2,2,2,1,1,1,-0.1365168503119088,0.8757785208009019
0,1,0,0,-1.0768611916373982,1,2,1,0,2,0,0,2,2,0,1,2,1.1156820290317773,-0.7606561184187425
0,0,0,0,-0.9134390620253712,1,0,1,0,0,0,0,0,2,0,1,0,0.5138240896943581,-0.6345249619875858
1,0,0,0,-0.4231726731892902,1,2,2,1,1,1,1,1,1,0,1,1,-1.3385609013774764,-0.7903548349995893
0,0,0,0,1.0476264933189527,1,2,2,1,1,1,1,1,1,2,0,1,-1.3552791774701825,-0.379146935555407
0,0,1,0,-0.30060607598027,1,0,1,0,0,2,0,0,0,0,1,2,0.3249075698467791,-0.2139036300557243
1,1,0,0,-1.281138853652432,1,0,0,0,0,0,0,0,0,0,0,2,-0.6581270644043385,-0.9884346679093454
0,0,1,1,1.129337558124966,0,1,0,0,2,0,0,2,2,0,1,2,-0.5059907519607133,0.3481180645255713
0,0,0,0,-0.4231726731892902,1,0,1,0,2,0,0,0,2,0,1,3,0.6492421260452773,-0.1883150037159767
1,0,1,0,-0.137183946368243,1,2,1,0,2,0,0,0,0,0,1,0,0.5104804344758171,-0.0072942550327191
0,0,0,0,-0.954294594428378,0,1,0,2,0,2,2,2,2,0,0,3,-0.2134209203383567,-0.7698264810534533
0,0,1,0,0.7207822340948987,1,0,2,1,1,1,1,1,1,1,1,0,-1.5057436623045373,-0.5916120843090109
1,0,0,0,-1.2402833212494253,1,0,1,0,0,0,0,0,0,0,1,1,0.1644121193568008,-0.9488805736536045
0,0,1,0,-1.2402833212494253,1,0,1,0,2,2,0,0,0,0,0,0,0.4954339859923815,-0.9354896344809902
0,0,1,1,0.1488047804528042,1,2,1,0,2,2,0,2,0,0,1,0,1.0855891320649065,0.5197916724992322
0,0,0,0,-1.0360056592343916,1,0,0,0,0,0,2,2,0,0,1,3,-0.1799843681529445,-0.8245834897493899
1,0,1,1,-1.0768611916373982,1,0,0,0,0,0,0,0,0,0,1,0,-0.6781889957155859,-0.8931512855457947
0,1,0,0,-0.9951501268313848,1,0,1,0,0,2,0,2,2,0,1,1,0.9886231307272112,-0.6800674135300899
0,0,0,0,1.006770960915946,1,2,1,2,2,2,0,2,2,2,1,0,1.6071993461573364,1.848765044973412
0,0,1,0,1.0884820257219594,1,2,1,2,2,2,2,0,2,1,1,1,1.408251860654134,1.7105687849312865
0,0,0,0,-0.3414616083832767,1,2,1,0,0,0,2,0,2,0,1,2,0.8247840250186913,-0.0099017316372875
1,0,1,1,0.9659154285129392,0,1,0,0,2,2,0,0,0,1,1,1,-0.9623996892915896,-0.1371156537771208
1,0,1,0,0.9659154285129392,1,2,1,0,2,0,0,2,2,1,0,1,1.1842269610118723,1.4728685659877068
1,0,0,0,1.3744707525430069,1,0,2,1,1,1,1,1,1,2,0,0,-1.510759145132349,-0.4542997146413152
0,1,0,0,-1.281138853652432,1,0,1,0,0,0,0,0,0,0,1,2,0.1777867402309658,-0.9773860382289709
0,0,0,0,-0.9951501268313848,1,0,0,2,0,0,0,0,0,0,1,2,-0.502647096742172,-0.8468575271850252
0,0,0,0,-0.137183946368243,0,1,0,0,0,0,0,0,0,0,1,1,-1.3302017633311234,-0.693369963665261
1,0,0,0,-1.281138853652432,1,0,1,0,0,0,2,0,0,0,0,2,0.304845638535532,-0.9757066465175538
1,0,1,0,-0.7500169324133442,1,2,1,0,0,0,0,0,2,0,1,2,0.677663195402878,-0.5049466330961524
1,0,1,0,0.9250598961099324,0,1,0,0,0,2,2,2,2,0,1,0,-0.3454953014707349,0.3078347607109256
1,0,0,0,-0.6683058676073308,0,1,0,2,2,2,2,2,0,2,0,3,-0.3354643358151111,-0.6035225071044547
0,0,0,0,0.2305158452588177,1,2,0,2,2,2,0,2,2,1,0,0,0.6425548156081948,0.4003559856543826
0,0,1,0,0.5573601044828717,1,2,0,2,0,0,0,0,0,0,0,2,-0.3939783021395824,0.0786861811399562
1,0,0,1,1.5787484145580404,1,2,1,2,2,0,0,0,0,1,1,1,0.6876941610585016,1.6560548460883178
1,1,0,0,-1.281138853652432,1,0,2,1,1,1,1,1,1,0,0,3,-1.4990563518674551,-0.999549589367802
1,1,0,0,-0.8725835296223645,1,0,1,0,0,0,0,0,2,0,1,2,0.4553101233698868,-0.6220621077081232
0,0,0,0,-1.281138853652432,1,0,0,0,0,0,0,0,0,0,1,3,-0.6832044785433977,-0.9887661267997568
0,0,0,0,-0.8317279972193578,1,0,2,1,1,1,1,1,1,1,0,3,-1.510759145132349,-0.8931070910270732
1,0,1,1,-1.1585722564434118,1,2,1,0,0,2,0,2,2,0,0,2,1.2126480303694729,-0.8378639426252001
1,0,0,1,-1.1994277888464184,1,0,0,2,0,2,0,0,0,0,0,3,-0.3003559560204284,-0.9387821261257416
0,0,0,1,-1.281138853652432,1,0,0,0,0,0,0,0,0,0,0,3,-0.6330496502652795,-0.9881032090189342
0,0,0,0,-0.790872464816351,1,0,1,0,2,2,0,0,0,0,1,2,0.5439169866612293,-0.587546188586633
0,0,1,1,-0.7500169324133442,1,0,1,0,0,0,0,0,0,0,0,2,0.1777867402309658,-0.5459149519509814
1,0,0,0,-1.1994277888464184,0,1,0,0,0,2,0,2,0,0,1,3,-0.8269816529406702,-0.9506262571431034
1,0,1,1,1.415326284946013,1,2,1,2,2,2,0,2,2,1,1,2,1.552029035051406,2.2982674948897728
1,0,1,1,1.619603946961047,1,2,1,2,0,2,0,2,2,1,1,0,1.3781589636872629,2.4601962114853437
0,1,0,0,-1.281138853652432,1,0,1,0,0,0,0,2,0,0,1,2,0.4787157098996754,-0.973408531544036
1,0,0,0,-0.4231726731892902,1,2,1,2,0,0,0,2,2,0,1,2,1.1992734094953077,-0.0825354231560702
0,0,1,0,-1.0768611916373982,1,2,0,0,0,0,0,0,0,0,0,2,-0.4859288206494659,-0.8693967317329894
0,0,1,1,-0.2188950111742565,1,0,2,1,1,1,1,1,1,2,0,3,-1.5040718346952668,-0.7652965428844998
0,0,1,0,1.5787484145580404,1,2,2,1,1,1,1,1,1,2,0,0,-1.333545418549665,-0.2336806771835949
0,0,1,1,-1.281138853652432,1,0,1,0,2,0,0,0,0,0,1,2,0.3282512250653207,-0.9753972848865036
1,0,0,0,-0.3823171407862835,1,2,1,0,0,0,0,0,0,0,1,2,0.3366103631116737,-0.2524854448995924
1,1,0,0,-1.281138853652432,1,0,1,0,0,0,0,2,0,0,1,2,0.4753720546811339,-0.9734527260627576
0,0,1,1,0.8842043637069257,1,2,0,0,2,2,2,2,2,0,1,2,0.7127715751975607,0.990971533848488
1,0,0,0,-1.2402833212494253,0,1,0,0,0,0,0,0,0,0,1,2,-1.331873590940394,-0.9835069790718984
0,1,1,0,1.3744707525430069,1,2,0,0,2,2,0,2,2,2,1,0,0.5238550553499817,1.3184750148341522
0,0,0,0,-1.281138853652432,1,0,1,0,0,0,0,0,0,0,0,3,0.2078796371978365,-0.9769882875604772
1,1,1,0,0.8433488313039189,1,2,0,2,0,0,2,0,0,1,1,2,-0.1615942644509679,0.4189176835174119
0,0,1,1,-1.1585722564434118,1,0,0,0,2,0,2,0,0,0,0,3,-0.2802940247091811,-0.9045092768572198
1,0,0,0,-1.1585722564434118,1,0,1,0,0,0,0,0,2,0,1,2,0.502121296429464,-0.8650877661576433
1,0,1,0,-0.4231726731892902,1,0,0,2,0,0,2,0,0,0,1,2,-0.3571980947356289,-0.49898037306875
1,1,1,1,-0.9951501268313848,1,0,1,0,0,0,0,2,0,0,1,1,0.5205114001314407,-0.75055767089088
1,0,0,0,-1.1994277888464184,1,2,1,0,0,2,0,2,2,0,1,0,1.2260226512436374,-0.8765562437658722
1,0,0,0,-0.5457392703983105,1,2,1,2,0,2,0,0,0,0,1,2,0.6642885745287129,-0.278339238351669
0,0,0,1,-0.790872464816351,1,2,1,0,2,2,0,2,2,1,1,1,1.3129576869257094,-0.4342795976604764
0,0,1,1,1.5378928821550335,1,2,1,2,2,2,2,0,0,2,0,0,0.9702330270252344,1.8991688935752808
0,1,0,0,-1.2402833212494253,1,2,1,0,2,0,0,0,2,0,0,2,0.8231121974094208,-0.9370364426362426
1,0,0,0,1.2519041553339865,1,2,1,0,2,2,0,2,2,2,1,0,1.3330196182369565,1.880364125859284
0,0,0,0,0.6390711692888852,1,0,1,0,2,0,0,0,0,1,0,2,0.3432976735487562,0.6588939201751485
0,0,0,0,-0.7091614000103375,0,1,0,2,2,2,2,0,0,1,0,3,-0.6347214778745502,-0.7019437002972316
1,0,1,0,-0.627450335204324,1,0,1,0,0,0,0,0,0,0,1,0,0.1844740506680484,-0.4718670358331108
0,0,0,0,-1.0360056592343916,1,0,1,0,0,2,0,2,2,0,1,2,1.018716027694082,-0.7163290161410794
0,0,1,0,0.1896603128558109,1,2,1,0,0,2,0,0,0,0,1,1,0.4703565718533224,0.246559060503568
1,1,1,0,1.2110486229309796,1,2,1,0,2,2,0,2,2,1,1,2,1.2995830660515444,1.8126802204373087
0,0,1,1,-1.281138853652432,1,0,2,1,1,1,1,1,1,0,1,1,-1.4957126966489138,-0.9995053948490809
1,0,1,1,-0.1780394787712498,0,1,0,2,0,2,2,2,0,1,0,3,-0.4708823721660305,-0.3955210047417222
0,0,1,0,-1.0360056592343916,1,2,1,0,0,0,0,2,0,0,1,2,0.7228025408531843,-0.7509775188187342
0,0,1,1,0.0262381832437839,1,0,2,1,1,1,1,1,1,2,0,1,-1.507415489913808,-0.7249690445511324
0,0,0,0,-0.7500169324133442,1,0,1,0,0,0,0,2,2,0,1,3,0.8331431630650443,-0.5094102794870238
0,0,1,0,-1.281138853652432,1,0,0,2,2,0,0,0,0,0,1,3,-0.378931853656147,-0.9847444255961002
1,0,0,0,-0.0963284139652362,1,0,0,2,0,2,0,0,0,2,1,3,-0.3087150940667814,-0.2774995424959606
0,0,1,0,0.1079492480497974,1,0,1,0,0,0,0,0,0,0,1,2,0.1811303954495068,0.0595720517929081
1,0,0,0,-1.1585722564434118,1,2,0,0,0,0,0,0,0,0,0,3,-0.4842569930401953,-0.9171047146928468
0,0,1,1,0.5982156368858784,1,0,0,0,2,0,2,0,2,2,0,0,-0.0362071937556722,0.3206290738807993
0,0,0,0,-0.954294594428378,1,2,1,0,0,0,0,0,2,0,1,2,0.6158055738598652,-0.6533960214816656
1,0,0,0,0.4347935072738514,0,1,0,0,0,2,2,0,2,1,0,2,-0.6932354441990215,-0.1548818503031632
0,0,1,1,-0.3414616083832767,0,1,0,2,2,2,0,2,2,1,0,2,-0.2435138173052276,-0.4039400605581676
0,0,0,0,0.8842043637069257,1,2,1,0,2,2,2,2,2,0,0,2,1.5453417246143235,1.6498234189485868
0,0,1,1,-0.790872464816351,1,0,0,0,0,0,0,0,2,0,0,2,-0.2986841284111576,-0.6838681421401389
1,0,0,1,-1.1994277888464184,1,2,1,0,0,2,0,0,2,0,0,2,0.9016880950451392,-0.8948085799978509
1,0,1,1,-0.3414616083832767,1,2,2,1,1,1,1,1,1,2,0,3,-1.3602946602979944,-0.7392438740981764
0,1,0,0,-1.117716724040405,1,0,1,0,0,2,0,2,0,0,1,3,0.667632229747254,-0.8247602678242759
0,0,0,0,-0.9951501268313848,1,2,1,0,0,2,0,2,2,0,1,2,1.1624932020913543,-0.6457945642615679
0,0,0,0,-0.4231726731892902,1,0,2,1,1,1,1,1,1,1,1,3,-1.5258055936157846,-0.8260861033859208
1,0,1,1,0.2713713776618244,1,0,1,0,2,0,0,2,0,0,1,3,0.7161152304161017,0.4349823910726766
0,0,0,1,-0.0554728815622295,1,2,1,0,0,0,0,2,0,0,1,1,0.7244743684624547,0.1836923576222364
0,0,0,0,-0.137183946368243,1,2,0,2,2,0,2,0,0,0,0,3,0.0858362217210823,-0.2124231136785541
0,0,1,1,-0.1780394787712498,1,0,1,0,0,0,0,0,2,0,1,2,0.5405733314426878,-0.0241544639249708
1,0,1,1,-0.9951501268313848,1,0,1,0,0,2,0,2,2,0,1,2,0.9986540963828348,-0.6727311234223212
0,0,1,0,-0.7500169324133442,1,2,0,2,0,0,0,2,0,0,1,0,-0.0061142967888011,-0.5925401692021623
0,0,1,1,1.619603946961047,1,2,1,2,2,2,0,2,2,2,0,1,1.498530551554747,2.5842944200553104
0,1,0,0,-1.2402833212494253,1,2,1,0,0,2,0,0,2,0,1,2,0.7913474728332791,-0.9291919155631768
1,1,0,0,0.8024932989009121,0,1,0,0,2,0,0,2,2,0,1,2,-0.5260526832719606,0.1189473876952412
1,0,1,1,0.5982156368858784,1,2,2,1,1,1,1,1,1,2,0,3,-1.3485918670331003,-0.4955552978678339
1,0,0,0,-0.954294594428378,1,0,1,0,0,0,0,0,0,0,1,2,0.1878177058865894,-0.7441715629356235
0,0,0,0,-0.7091614000103375,1,0,2,1,1,1,1,1,1,0,0,0,-1.5090873175230786,-0.8770202862124478
1,1,0,0,-0.5048837379953037,1,0,1,0,0,0,0,2,2,0,0,2,0.8381586458928564,-0.2798860465069215
0,0,0,0,-1.281138853652432,1,0,2,1,1,1,1,1,1,0,0,3,-1.4890253862118312,-0.9994170058116378
0,0,1,0,1.5787484145580404,1,2,1,0,0,0,0,2,2,2,1,0,0.963545716588152,1.901953148254736
0,0,0,0,-1.281138853652432,0,1,0,0,0,0,0,0,0,0,1,3,-1.328529935721853,-0.9972956689130058
1,0,1,0,-0.954294594428378,1,0,1,0,2,2,2,2,0,0,1,3,1.0019977516013758,-0.6148142066377975
1,0,1,1,-1.0360056592343916,0,1,0,2,0,0,2,0,0,0,1,2,-1.015898172788249,-0.8849973968416782
0,0,0,0,-0.8725835296223645,1,2,1,0,0,2,0,2,2,0,1,2,1.1992734094953077,-0.509123015115334
1,0,1,1,-0.1780394787712498,1,2,1,2,2,0,0,2,2,1,0,2,1.3781589636872629,0.2499841357044841
0,0,0,0,-1.0768611916373982,1,0,0,0,0,0,2,0,0,0,1,0,-0.5093344071792545,-0.8902565445695366
1,0,1,1,-0.0963284139652362,1,2,1,2,2,0,0,2,0,0,1,2,0.9869513031179408,0.2461392125757136
0,0,1,0,-0.8317279972193578,1,0,0,2,0,0,2,0,0,0,0,0,-0.3571980947356289,-0.7032474385995159
1,1,0,0,-1.281138853652432,1,0,1,0,0,0,0,0,0,0,1,2,0.1593966365289892,-0.9776291080819388
0,0,0,0,-0.954294594428378,1,0,2,1,1,1,1,1,1,0,1,1,-1.48568173099329,-0.9432015779978916
0,0,0,0,-1.281138853652432,1,0,0,0,0,0,0,0,0,0,0,2,-0.6597988920136093,-0.988456765168706
0,1,0,0,1.5378928821550335,1,2,0,0,2,2,2,2,0,2,1,0,0.3550004668136503,1.295294989764726
0,1,0,0,0.679926701691892,1,2,1,0,0,2,0,0,2,0,1,1,0.868251542859727,0.9873475833133252
0,0,1,1,1.4561818173490202,0,1,0,0,2,2,2,2,2,2,0,1,-0.1532351264046149,0.8075421838949085
1,1,1,0,-1.1994277888464184,1,2,1,0,0,0,0,2,2,0,1,2,0.9936386135550228,-0.8848648132855138
1,1,0,0,1.3744707525430069,1,2,1,0,2,2,2,2,2,1,0,1,1.5386544141772416,2.2761481382696624
0,0,0,0,-1.281138853652432,1,0,0,0,0,0,0,0,0,0,1,2,-0.694907271808292,-0.988920807615282
0,0,0,1,0.4347935072738514,1,0,1,2,2,0,2,2,2,1,1,1,1.3748153084687218,0.9946175816430116
1,0,0,0,-0.4231726731892902,1,2,0,2,2,0,0,0,0,0,0,2,-0.1967026442456506,-0.4539019639728216
1,0,0,0,-0.6683058676073308,1,0,2,1,1,1,1,1,1,2,0,3,-1.5090873175230786,-0.8827434763868819
0,1,1,0,0.4347935072738514,1,2,1,2,0,2,2,2,2,1,1,3,1.4935150687269347,1.126295150173716
0,0,0,0,0.1896603128558109,1,0,2,1,1,1,1,1,1,2,0,3,-1.5057436623045373,-0.6618150772981111
1,0,1,0,-0.0963284139652362,1,2,1,0,0,0,0,2,2,0,1,1,0.975248509853046,0.2584031915209295
0,0,1,1,1.33361522014,1,2,0,2,2,2,2,2,2,2,1,3,0.8548769219855624,1.624654640536693
1,0,0,1,-0.0554728815622295,1,2,0,0,2,0,2,2,2,1,1,3,0.4870748479460285,0.1352109705847525
0,0,0,0,1.2519041553339865,1,0,0,0,0,2,0,0,2,1,0,1,-0.2117490927290862,0.5399443730362354
0,0,0,0,-1.1994277888464184,1,0,2,1,1,1,1,1,1,0,1,3,-1.5141028003508905,-0.9820043654353674
0,0,0,0,-1.281138853652432,1,2,1,0,0,0,0,0,0,0,1,2,0.3416258459394852,-0.9752205068116174
1,0,0,0,-1.1994277888464184,1,0,1,0,2,0,0,0,2,0,0,2,0.6492421260452773,-0.9045313741165806
1,1,0,0,1.2110486229309796,1,2,1,0,2,2,2,2,2,1,1,0,1.5336389313494296,2.1087834958713483
0,1,0,0,0.1079492480497974,1,2,1,2,2,2,0,2,2,1,1,2,1.45339120610444,0.6383434689696518
0,0,1,1,1.3744707525430069,1,0,0,0,0,0,2,0,0,1,1,1,-0.5176935452256076,0.4287288666735845
0,0,0,0,-0.4231726731892902,1,0,2,1,1,1,1,1,1,0,1,3,-1.4990563518674551,-0.800607963342977
1,0,0,0,-0.3414616083832767,1,0,0,2,0,0,0,0,0,0,1,0,-0.5126780623977958,-0.4734801357664454
0,0,0,0,-0.954294594428378,1,0,1,2,0,0,0,0,0,0,1,2,0.3332667078931322,-0.6954250087858107
0,0,1,1,0.1896603128558109,1,2,2,1,1,1,1,1,1,0,0,3,-1.285062417880817,-0.6055333577062829
1,0,1,1,0.7207822340948987,1,0,2,1,1,1,1,1,1,1,1,3,-1.4890253862118312,-0.593446156835953
1,0,0,0,-0.3414616083832767,1,0,0,0,0,2,0,0,0,0,1,3,-0.5076625795699837,-0.4923070007418038
0,0,0,0,-1.281138853652432,1,0,0,0,0,0,0,0,0,0,1,2,-0.6430806159209033,-0.9882357925750986
1,0,0,0,-0.8317279972193578,1,2,2,1,1,1,1,1,1,1,0,1,-1.3352172461589351,-0.884489159876381
1,0,1,0,1.619603946961047,1,2,0,2,2,2,2,2,2,2,1,0,0.7428644721644314,1.7449521204966123
1,0,1,0,1.5787484145580404,1,2,1,2,2,2,0,2,2,1,1,2,1.4951868963362054,2.462693201793108
1,1,0,0,-0.5865948028013173,1,2,1,0,0,0,0,2,2,0,1,2,1.0220596829126234,-0.2338795525178416
0,0,1,0,0.1488047804528042,1,2,1,2,2,2,2,0,2,2,1,1,1.3764871360779922,0.6861840354856739
1,0,0,0,-0.2597505435772633,1,2,1,0,0,2,2,0,0,0,1,3,0.6492421260452773,-6.845122175415508e-05
1,0,0,0,-0.9951501268313848,1,2,1,0,0,0,0,0,2,0,0,0,0.6559294364823599,-0.7155556120634532
1,0,1,0,0.0262381832437839,1,0,1,0,0,2,0,2,2,1,1,2,1.0337624761775177,0.3336664569036414
1,0,0,0,-1.281138853652432,1,0,0,0,2,0,0,0,0,0,1,2,-0.4725541997753011,-0.9859818721203022
1,0,0,0,-1.1994277888464184,1,0,0,0,0,0,0,2,0,0,0,3,-0.3254333701594875,-0.9380750138261978
1,0,1,1,1.0884820257219594,1,0,2,1,1,1,1,1,1,2,0,1,-1.5241337660065142,-0.4813025655801506
1,0,0,0,-0.3823171407862835,1,2,1,0,0,0,2,2,0,0,1,2,0.859892404813374,-0.1496227025753048
0,0,0,0,-1.2402833212494253,1,0,0,0,2,0,2,0,0,0,1,1,-0.3287770253780288,-0.963000722385123
1,0,0,0,-1.281138853652432,1,0,1,0,0,0,0,0,0,0,1,2,0.1644121193568008,-0.9775628163038568
0,0,1,0,1.170193090527973,1,2,1,0,0,2,2,2,2,1,1,0,1.2845366175681088,1.872342820711332
1,0,1,1,1.4970373497520268,1,2,1,0,0,2,0,2,2,0,1,1,1.155805891654272,2.0885645035562628
0,1,0,0,-1.1585722564434118,1,2,1,0,0,0,0,2,2,0,1,2,0.9836076478993993,-0.8208269556580625
1,0,0,0,0.3122269100648312,1,0,0,0,0,0,2,0,0,0,1,2,-0.4608514065104068,-0.0834635080492216
0,0,0,0,-0.790872464816351,1,0,0,2,0,0,2,0,0,1,0,3,-0.3254333701594875,-0.6800895107894507
1,0,1,0,1.619603946961047,1,2,0,2,0,2,2,2,2,2,0,1,0.7278180236809962,1.6849138668134565
0,0,0,0,-0.8317279972193578,1,0,2,1,1,1,1,1,1,0,0,0,-1.5191182831787022,-0.9078901575394146
0,0,0,0,-0.9951501268313848,1,0,0,2,0,0,2,0,0,1,0,0,-0.3555262671263585,-0.8105296327959534
1,1,1,1,1.3744707525430069,1,2,1,0,0,2,0,2,2,0,1,1,1.1574777192635426,2.006605768587244
0,0,1,1,1.415326284946013,1,0,2,1,1,1,1,1,1,2,1,0,-1.5258055936157846,-0.4016640428440104
0,1,0,0,1.006770960915946,1,0,0,2,0,2,2,2,0,2,0,0,0.1660839469660713,0.7606959940501201
1,0,0,0,-1.281138853652432,1,0,1,0,0,0,0,2,0,0,1,2,0.488746675555299,-0.9732759479878714
0,0,0,0,-0.5865948028013173,1,2,1,0,0,0,2,0,2,0,1,2,0.8431741287206679,-0.2956634896904965
0,0,0,0,-1.2402833212494253,1,0,2,1,1,1,1,1,1,0,0,3,-1.5174464555694316,-0.99446721971483
1,0,1,1,1.5787484145580404,1,2,1,0,2,2,0,2,2,2,1,0,1.3748153084687218,2.4050414521209125
0,0,1,0,-0.5048837379953037,1,0,1,0,0,0,0,0,0,0,1,0,0.1644121193568008,-0.3276603212448614
0,1,0,0,0.8433488313039189,1,0,1,0,2,0,0,0,0,0,1,1,0.2981583280984495,0.7610716474592528
0,0,1,0,0.4756490396768582,1,2,1,2,2,2,2,0,0,0,1,1,1.0103568896477289,0.7861299395743426
0,1,0,0,-1.1994277888464184,0,1,0,0,0,0,0,0,0,0,0,2,-1.323514452894041,-0.9740493520654976
1,0,0,0,-1.1994277888464184,1,0,2,1,1,1,1,1,1,0,1,3,-1.507415489913808,-0.9827114777349112
1,0,0,1,0.0670937156467907,1,2,1,2,2,0,0,2,2,1,1,2,1.3012548936608148,0.5254927654143055
0,0,1,1,0.8024932989009121,1,0,1,0,2,2,2,0,0,0,0,0,0.6993969543233957,0.950865008108728
1,0,1,0,0.7616377664979054,1,2,1,0,2,2,0,2,2,1,1,0,1.4015645502170513,1.421757605086294
1,1,1,0,-0.5457392703983105,1,0,0,2,0,2,0,2,0,0,0,0,0.0507278419263996,-0.4400469823536319
1,0,0,0,-1.281138853652432,1,0,1,0,0,0,0,0,0,0,1,2,0.1577248089197182,-0.9776512053412998
0,0,1,0,-1.1994277888464184,1,2,1,0,2,0,0,0,2,0,1,1,0.8899853017802452,-0.901040007137582
0,0,1,0,0.8433488313039189,1,0,1,0,0,2,0,2,2,1,1,0,1.0019977516013758,1.2014037347409026
1,0,0,1,0.3530824424678379,1,0,0,2,2,2,0,2,0,1,0,3,0.1777867402309658,0.2708218512816707
1,0,0,0,-0.0963284139652362,1,0,1,0,2,0,0,2,2,1,1,0,1.0738863388000122,0.3268384037611699
1,0,1,1,1.2927596877369931,0,1,0,2,0,2,2,2,2,2,1,0,-0.1615942644509679,0.6910675298043992
0,0,0,0,-1.1994277888464184,1,2,0,0,0,0,0,0,0,0,1,3,-0.4758978549938423,-0.9415442835458354
1,1,1,1,-0.137183946368243,1,2,1,0,0,2,0,2,2,0,1,2,1.3062703764886268,0.3018685006835233
0,1,1,0,-0.2188950111742565,1,0,1,2,0,0,0,0,0,0,1,0,0.3449695011580267,-0.1557436434182324
1,0,0,0,-0.2188950111742565,1,2,0,0,0,2,2,0,0,0,0,2,-0.181656195762215,-0.2961496293964329
0,1,0,0,-0.9951501268313848,1,2,1,0,0,2,0,2,2,0,0,2,1.2193353408065548,-0.6634723717501673
0,0,1,1,0.4347935072738514,1,2,1,0,0,2,0,0,2,0,1,0,0.9250936815749278,0.7766060207898596
0,0,1,1,0.3530824424678379,1,0,0,0,2,0,2,0,2,1,1,0,0.0540714971449407,0.1974810474633439
1,0,1,1,-0.0963284139652362,1,2,0,2,2,2,2,0,0,0,0,2,0.0908517045488939,-0.1244318269040507
0,1,0,0,0.3939379748708447,1,2,1,0,2,2,0,2,2,0,1,0,1.3330196182369565,0.902317329293162
0,0,0,0,0.0670937156467907,1,0,0,2,2,0,0,0,0,1,0,3,-0.3304488529872993,-0.1752776206931346
0,1,1,0,-0.3414616083832767,1,2,1,0,0,0,0,2,2,0,1,2,0.95853023376034,-0.007824589257377
0,1,1,0,-0.8317279972193578,1,0,0,2,0,2,2,2,2,1,1,2,0.4787157098996754,-0.5912806254185996
1,0,0,0,0.5165045720798649,1,0,0,2,0,2,0,2,2,0,1,2,0.3700469152970859,0.4384295635329535
1,1,1,0,-1.0360056592343916,1,2,1,0,0,2,0,2,2,0,1,2,1.2393972721178024,-0.6986733059118408
1,0,0,0,-0.0554728815622295,1,0,0,0,0,2,2,0,0,0,1,2,-0.3220897149409463,-0.2501873299260745
1,1,1,1,1.3744707525430069,1,2,1,0,2,2,2,2,2,1,1,2,1.4567348613229816,2.118948235177293
1,1,0,0,0.1079492480497974,1,2,1,2,0,0,0,0,2,0,0,1,0.873267025687539,0.3971960775657954
1,0,0,0,-1.281138853652432,1,0,1,0,0,0,0,0,0,0,1,2,0.1410065328270121,-0.9778721779349072
0,0,1,1,-0.954294594428378,1,0,0,2,2,2,2,0,0,0,0,3,0.0039166688668224,-0.7153788339885673
0,0,0,0,0.3122269100648312,1,0,1,0,2,0,0,0,0,0,0,1,0.3315948802838617,0.3049179224753066
0,0,1,1,1.33361522014,1,2,1,0,2,2,2,2,2,2,1,1,1.5353107589587,2.193880041669593
0,0,1,1,0.0670937156467907,1,2,2,1,1,1,1,1,1,2,0,1,-1.3352172461589351,-0.6131790094451021
0,0,0,1,-0.6683058676073308,1,0,1,0,0,0,0,2,0,0,1,2,0.5389015038334173,-0.4285122129673208
1,0,1,0,0.3530824424678379,1,2,0,0,0,2,0,2,2,1,1,2,0.2714090863501198,0.3179553054981486
1,0,1,1,-1.0768611916373982,1,0,0,0,2,2,0,0,0,0,1,3,-0.3204178873316757,-0.865109863417004
1,0,0,0,-0.9951501268313848,1,0,2,1,1,1,1,1,1,0,1,0,-1.510759145132349,-0.9337660482508516
0,0,0,0,-0.2597505435772633,1,0,1,0,0,0,0,2,2,0,1,0,0.7997066108796321,-0.0032725538290627
0,0,0,0,-1.0360056592343916,1,0,2,1,1,1,1,1,1,0,0,3,-1.4789944205562076,-0.9395113356846464
1,0,0,1,-0.3823171407862835,1,0,2,1,1,1,1,1,1,1,0,3,-1.507415489913808,-0.8027072029822482
1,0,0,0,-0.9134390620253712,1,0,1,2,2,2,2,2,2,0,1,2,1.5119051724289114,-0.5473291765500694
1,0,0,0,-0.5865948028013173,1,2,0,2,0,0,0,0,0,0,0,3,-0.2886531627555341,-0.5797900505510101
0,1,1,0,-1.281138853652432,1,0,1,0,0,0,0,0,0,0,1,3,0.1861458782773189,-0.9772755519321672
0,0,1,1,-0.3414616083832767,1,2,2,1,1,1,1,1,1,2,0,3,-1.343576384205288,-0.7557284295812953
0,0,1,1,1.0884820257219594,1,2,0,2,0,2,2,2,0,2,1,3,0.386765191389792,0.9889606832466596
1,0,1,1,1.415326284946013,1,2,0,2,0,2,0,2,2,2,1,2,0.4954339859923815,1.330982063632336
1,0,0,0,-0.5457392703983105,1,0,1,0,2,2,0,0,0,0,1,2,0.4469509853235338,-0.3494924134932816
1,0,0,1,-1.1994277888464184,1,0,0,0,0,0,0,2,0,0,1,1,-0.3404798186429228,-0.9335229783978836
0,1,0,0,-1.117716724040405,1,0,1,0,0,0,0,0,2,0,0,2,0.4703565718533224,-0.8411785315293125
1,0,1,1,1.170193090527973,1,2,1,2,2,0,0,2,2,1,1,2,1.3748153084687218,1.8853139119560909
0,0,0,0,-1.281138853652432,1,0,0,2,0,0,0,0,0,0,1,1,-0.5444427869739372,-0.9869320542728144
1,1,0,0,0.5165045720798649,1,0,0,2,0,2,0,0,2,1,0,1,-0.0729874011596254,0.2252793997391664
1,1,1,0,1.006770960915946,1,2,1,0,2,2,0,0,2,0,1,0,1.0153723724755408,1.3900480379036189
0,0,0,0,-1.117716724040405,1,0,0,0,0,0,0,0,0,0,1,1,-0.6965790994175628,-0.9190713707759536
1,0,1,1,-0.8317279972193578,1,0,2,1,1,1,1,1,1,2,0,0,-1.4656197996820428,-0.892598854061776
0,0,0,0,-1.281138853652432,1,0,1,0,2,0,2,2,0,0,0,2,0.8966726122173276,-0.9678842167038488
1,0,0,0,-0.6683058676073308,1,0,1,0,0,0,0,0,0,0,1,1,0.1694276021846128,-0.4756456671837989
0,0,0,0,-0.5048837379953037,1,2,1,2,0,0,0,2,0,0,1,0,0.8097375765352557,-0.1778850972977031
0,0,1,1,-1.0768611916373982,1,2,1,0,2,2,0,2,0,0,1,3,0.975248509853046,-0.7791515245036895
1,0,1,1,1.33361522014,1,2,1,2,0,2,2,2,2,2,0,0,1.4634221717600642,2.0577830212667387
1,0,0,0,-1.281138853652432,1,2,1,0,2,0,0,0,0,0,1,2,0.4770438822904049,-0.9734306288033966
0,0,0,0,-0.464028205592297,1,0,0,2,2,0,2,2,0,2,0,1,0.206207809588566,-0.3345104716466937
0,0,0,0,-0.30060607598027,1,2,1,0,2,0,0,2,2,0,1,2,1.1825551334026017,0.0468440304011164
0,0,0,0,0.5165045720798649,1,2,1,0,0,2,2,0,0,0,1,2,0.7478799549922434,0.7336047540738415
1,0,0,1,-0.790872464816351,1,0,1,0,0,0,0,2,0,0,1,1,0.4486228129328043,-0.5514613640505295
0,1,1,0,-0.790872464816351,1,0,1,0,0,0,0,0,0,0,1,2,0.1761149126216953,-0.6032573399921257
1,0,0,1,-0.790872464816351,1,0,0,0,0,0,0,2,2,0,0,1,0.0507278419263996,-0.6408226809053994
1,0,0,0,-1.281138853652432,1,0,2,1,1,1,1,1,1,0,1,3,-1.4973845242581842,-0.9995274921084416
0,0,1,0,-1.2402833212494253,1,0,0,2,0,0,0,0,2,0,1,3,-0.0913775048616023,-0.958426589697448
1,0,1,1,1.5787484145580404,1,2,1,2,0,0,0,2,2,2,1,2,1.0805736492370943,2.0455632368402443
1,1,1,0,-0.8725835296223645,1,0,1,0,0,0,0,0,0,0,1,2,0.1777867402309658,-0.6395189426031151
0,0,1,1,-0.627450335204324,1,2,1,2,0,2,0,2,2,0,1,2,1.3146295145349798,-0.2378791564621372
1,0,0,0,0.2305158452588177,1,2,1,2,2,0,0,2,2,1,1,2,1.3363632734554975,0.7095408386299857
0,0,1,1,1.619603946961047,1,0,1,2,2,2,2,2,2,2,1,0,1.4634221717600642,2.406212606867033
1,0,1,1,1.2519041553339865,1,0,2,1,1,1,1,1,1,2,0,3,-1.510759145132349,-0.4445548232632247
0,0,1,1,-0.9951501268313848,1,0,1,0,0,2,0,2,2,0,1,2,0.980263992680858,-0.6648865963492553
0,0,0,1,-1.2402833212494253,1,2,1,0,0,0,0,2,2,0,1,0,0.980263992680858,-0.9227616130891986
0,0,1,0,-1.117716724040405,1,0,1,0,0,0,0,0,0,0,0,2,0.1694276021846128,-0.8625023868124355
0,0,0,0,-1.281138853652432,1,0,1,0,0,0,0,0,0,0,0,3,0.2078796371978365,-0.9769882875604772
0,0,0,0,-1.1585722564434118,1,2,1,0,0,0,0,0,0,0,0,2,0.3499849839858382,-0.8589889225740764
1,0,1,1,-1.281138853652432,1,0,1,0,0,0,0,0,2,0,1,2,0.5405733314426878,-0.972590932947688
1,0,0,0,0.1896603128558109,0,1,0,0,0,0,0,2,0,2,0,1,-0.9724306549472131,-0.4264129733280496
1,0,1,1,-0.790872464816351,1,0,2,1,1,1,1,1,1,0,1,3,-1.5057436623045373,-0.8970404031932866
1,0,1,0,-0.5865948028013173,1,0,0,0,0,0,0,0,0,0,1,0,-0.686548133761939,-0.6689745893309939
1,0,0,0,-1.0360056592343916,1,0,2,1,1,1,1,1,1,0,0,3,-1.4756507653376665,-0.9460521244554284
0,0,0,0,-0.0146173491592227,1,2,0,0,2,0,0,0,0,0,1,2,-0.3571980947356289,-0.2396027426922757
0,0,1,1,1.33361522014,1,0,0,2,2,2,0,0,0,1,0,0,-0.1181267466099319,0.7037292594181086
1,0,1,0,1.619603946961047,1,2,1,0,2,2,2,2,2,2,1,2,1.4483757232766286,2.456704844506345
1,1,1,0,1.5378928821550335,1,2,0,2,2,2,2,2,2,2,1,1,0.7913474728332791,1.7787167327998368
1,0,0,1,-0.3823171407862835,1,0,0,0,2,0,2,0,0,0,1,0,-0.3204178873316757,-0.4408645809499796
1,0,0,0,1.3744707525430069,1,0,1,0,2,2,0,2,2,0,0,2,1.1574777192635426,1.9572625884346908
0,1,1,1,1.5378928821550335,1,2,1,0,2,2,2,2,2,1,1,2,1.438344757621005,2.295505337469679
0,0,1,0,0.9250598961099324,1,2,1,0,2,2,0,2,2,0,1,1,1.296239410833003,1.5003575566324787
0,0,1,1,-1.1585722564434118,1,0,2,1,1,1,1,1,1,0,0,3,-1.4890253862118312,-0.9746680753275988
0,1,0,0,-1.281138853652432,1,0,1,0,0,0,0,0,0,0,1,2,0.1577248089197182,-0.9776512053412998
0,0,1,0,0.3939379748708447,1,2,0,0,0,0,0,0,0,0,1,2,-0.4892724758680071,-0.0345180785651621
0,0,0,0,-0.9951501268313848,1,2,1,0,0,0,0,0,0,0,1,1,0.3249075698467791,-0.7658268771091576
1,0,1,0,1.619603946961047,1,2,1,2,2,2,2,2,2,1,1,0,1.7693666242565853,2.8297949715532345
0,0,1,0,-0.0963284139652362,1,0,2,1,1,1,1,1,1,0,0,0,-1.51243097274162,-0.7185608393365152
0,0,1,0,-1.1994277888464184,1,0,0,0,0,0,0,0,0,0,1,3,-0.6280341674374676,-0.9508914242554324
0,0,1,1,0.2305158452588177,1,0,0,2,2,0,2,2,2,1,0,1,0.5154959173036286,0.3433450565036496
1,0,0,0,-0.5865948028013173,0,1,0,0,2,2,0,0,0,0,1,1,-1.049334724973661,-0.743243478042472
0,1,0,0,-0.464028205592297,1,2,1,0,0,0,0,2,2,0,1,0,1.0203878553033527,-0.1134273917423976
0,1,1,0,0.8433488313039189,1,0,1,0,2,2,2,2,0,1,1,2,0.9735766822437756,1.1445032918869733
1,1,1,0,-0.0146173491592227,1,2,1,0,0,0,0,0,2,0,0,2,0.6826786782306895,0.1676497473263324
1,1,1,1,0.5573601044828717,1,2,1,2,2,2,0,2,0,0,1,2,1.1976015818860373,0.9985508938092248
1,0,1,0,1.619603946961047,1,2,0,0,2,2,2,2,2,2,1,0,0.677663195402878,1.783003601115822
0,0,0,0,-0.5048837379953037,1,0,2,1,1,1,1,1,1,2,0,3,-1.510759145132349,-0.8285609964343247
1,0,1,1,-0.8725835296223645,1,0,1,0,0,0,0,2,0,0,1,0,0.488746675555299,-0.6245811952752487
1,1,1,0,-0.5048837379953037,1,0,1,0,2,0,0,0,0,0,1,2,0.2931428452706379,-0.3616238088823329
1,0,0,1,-1.1994277888464184,1,0,2,1,1,1,1,1,1,0,0,3,-1.4723071101191252,-0.9816066147668738
1,0,1,0,1.619603946961047,1,2,0,2,2,2,2,0,2,2,1,0,0.582369021674453,1.6346646990271128
0,1,1,0,-1.1994277888464184,1,0,1,0,0,0,0,2,0,0,1,2,0.5188395725221702,-0.9093927711759452
0,1,0,0,-0.5865948028013173,1,0,0,0,2,0,0,0,0,0,1,1,-0.502647096742172,-0.6257965445400899
1,0,1,1,0.5982156368858784,1,0,1,2,0,2,0,0,2,0,0,2,0.8415023011113973,0.820005038174371
1,0,0,0,-1.1585722564434118,1,2,1,0,0,0,0,0,0,0,1,2,0.3165484318004261,-0.8911404349439666
0,1,0,0,0.3122269100648312,1,0,1,0,0,0,0,2,2,0,1,2,0.8916571293895157,0.6151192493815042
0,0,1,0,1.2519041553339865,1,2,1,0,2,2,2,2,2,0,1,2,1.4667658269786052,2.028504152613746
1,0,0,0,0.3122269100648312,0,1,0,2,2,2,0,2,2,1,0,1,-0.0947211600801435,0.1015568445783316
1,0,0,0,-1.281138853652432,1,0,0,0,0,0,0,0,0,0,1,3,-0.6631425472321506,-0.9885009596874276
0,0,1,1,1.0476264933189527,1,2,1,2,2,0,0,0,2,0,1,0,0.9535147509325284,1.393826669254307
0,0,1,0,1.2519041553339865,1,2,1,0,2,2,2,2,2,2,1,0,1.4834841030713113,2.0151132134411323
0,0,0,0,-1.281138853652432,1,2,0,0,0,0,0,0,0,0,1,3,-0.4942879586958189,-0.986269136491992
1,0,0,1,0.1079492480497974,1,0,1,0,0,2,0,2,0,1,1,2,0.677663195402878,0.3309484940022692
1,0,1,0,0.3122269100648312,1,2,1,0,0,0,0,2,2,0,1,0,1.0772299940185532,0.6298581213751239
0,0,1,0,0.0262381832437839,1,0,1,2,0,2,2,2,2,1,1,2,1.2995830660515444,0.476989281117461
1,0,0,1,-0.2188950111742565,1,0,2,1,1,1,1,1,1,2,0,1,-1.510759145132349,-0.7833279065228711
1,0,0,1,0.8024932989009121,1,2,0,2,2,0,2,2,2,2,1,3,0.677663195402878,0.963482543203716
1,1,0,0,-0.7500169324133442,1,2,1,0,0,0,0,0,0,0,1,2,0.3366103631116737,-0.5502239175263275
1,0,1,1,1.3744707525430069,0,1,0,0,0,0,2,2,2,2,0,0,-0.4792415102123836,0.4785360892727134
0,0,0,0,-1.1585722564434118,0,1,0,0,0,0,0,0,0,0,1,2,-1.3519355222516412,-0.970138137158645
1,0,0,0,-1.0360056592343916,1,0,1,0,2,0,0,2,2,0,1,2,0.9819358202901286,-0.712749260124638
0,1,0,0,-0.5048837379953037,1,0,1,0,0,0,0,0,2,0,1,2,0.5539479523168529,-0.2696550154228946
1,0,1,0,1.5378928821550335,1,0,0,2,2,2,2,0,0,2,0,1,0.0022448412575519,0.9906179776987158
0,1,1,0,-0.0146173491592227,1,2,1,0,0,2,0,0,0,0,0,3,0.4820593651182164,0.1273885407710474
0,0,0,0,-0.0146173491592227,1,0,2,1,1,1,1,1,1,1,0,0,-1.5090873175230786,-0.7325705017712301
0,0,1,0,0.7616377664979054,0,1,0,0,2,0,0,2,2,0,1,2,-0.5093344071792545,0.1200301534039178
0,0,0,0,-0.627450335204324,1,2,1,2,2,0,0,2,0,0,1,2,0.9869513031179408,-0.2935642500512253
1,0,1,1,-1.0768611916373982,1,0,2,1,1,1,1,1,1,2,1,1,-1.4873535586025608,-0.9608572882271303
0,0,0,0,0.1896603128558109,0,1,0,0,0,0,2,0,0,0,0,1,-1.2131738306821809,-0.5781548533583146
0,0,1,1,0.679926701691892,1,2,1,0,2,0,0,2,2,1,0,3,1.1892424438396842,1.1755941358075477
0,0,0,0,-0.8725835296223645,1,0,0,0,0,2,2,0,2,1,0,1,0.0005730136482814,-0.7002643085858148
1,0,1,1,-0.2188950111742565,1,2,1,2,2,0,2,2,0,0,0,2,1.1992734094953077,0.2261853873729572
0,1,1,0,0.9250598961099324,1,0,1,0,0,2,2,2,0,2,0,1,0.7997066108796321,1.1152686177527025
1,0,1,1,0.7616377664979054,1,0,0,2,0,0,2,2,2,1,1,0,0.3850933637805214,0.7444766056793303
0,1,0,0,-0.9951501268313848,1,0,1,0,0,2,0,2,2,0,1,2,0.9100472330914924,-0.6858127009638848
1,0,0,0,0.7616377664979054,1,2,1,2,2,0,0,2,0,1,1,2,1.0003259239921052,1.1295434472997463
0,0,0,0,0.6390711692888852,1,2,2,1,1,1,1,1,1,1,0,1,-1.331873590940394,-0.4906718035491084
1,0,1,0,1.619603946961047,1,2,2,1,1,1,1,1,1,2,0,3,-1.3201707976754995,-0.2141908944274141
1,0,1,1,-0.3823171407862835,1,0,0,2,0,0,2,0,0,1,0,1,-0.2568884381793924,-0.3793679081490145
0,0,1,0,0.2305158452588177,1,0,2,1,1,1,1,1,1,1,1,1,-1.4923690414303723,-0.6483357490880541
0,1,1,0,0.4756490396768582,1,2,1,0,0,2,2,2,2,0,0,2,1.3129576869257094,0.978420290531582
0,0,0,0,-1.2402833212494253,1,2,1,0,0,0,0,0,2,0,1,2,0.6960532991048546,-0.9333682975823584
0,0,0,0,-1.0360056592343916,0,1,0,0,2,0,0,0,2,0,1,1,-0.8286534805499407,-0.8787880669613077
0,0,0,1,-0.4231726731892902,0,1,0,0,0,2,0,2,2,1,1,1,-0.5160217176163369,-0.5525883242779277
0,1,0,0,-0.9134390620253712,0,1,0,0,0,0,2,0,0,0,1,2,-1.178065450887498,-0.8796277628170162
1,0,0,0,-1.1585722564434118,1,0,0,0,2,0,0,0,0,0,0,3,-0.5227090280534193,-0.9162871160964992
1,0,1,1,1.619603946961047,1,2,2,1,1,1,1,1,1,2,0,0,-1.356951005079453,-0.2821841614804394
1,0,0,0,-1.1585722564434118,0,1,0,0,0,2,0,0,0,0,1,2,-1.178065450887498,-0.956040085686487
1,0,1,1,1.129337558124966,1,2,1,2,0,2,0,2,0,1,1,0,1.0203878553033527,1.560174837722027
0,0,1,0,-0.9951501268313848,1,2,1,0,0,0,0,0,2,0,1,2,0.669304057356525,-0.6703446194113603
1,0,1,1,1.2927596877369931,1,0,1,2,2,0,0,0,0,0,0,2,0.5405733314426878,1.261132626793008
0,0,0,0,-0.9951501268313848,1,0,0,0,0,2,2,0,2,0,0,3,-0.0261762281000487,-0.7856481187557498
1,0,1,0,0.8842043637069257,1,2,1,0,2,2,0,2,2,0,1,2,1.3179731697535209,1.3242423995273074
1,0,1,0,-0.0146173491592227,1,2,0,2,0,0,2,2,0,1,1,1,0.2647217759130373,0.0226696286604569
0,1,0,0,-1.281138853652432,1,2,1,0,0,0,0,0,2,0,1,2,0.6743195401843365,-0.9708231521988282
0,0,1,0,0.5573601044828717,1,2,1,0,2,2,2,2,2,2,1,1,1.4717813098064172,1.1369239319262363
0,1,1,0,0.5982156368858784,1,2,1,2,0,0,0,0,0,0,0,2,0.5171677449128992,0.6824054041349856
0,0,0,0,1.0884820257219594,1,2,1,2,2,2,0,0,2,0,1,0,1.155805891654272,1.476956558969445
1,0,1,1,-1.281138853652432,0,1,0,0,2,0,0,0,0,0,0,2,-1.1596753471855212,-0.9950638457175702
0,0,1,1,-0.5457392703983105,1,2,2,1,1,1,1,1,1,2,1,0,-1.336889073768206,-0.8017128263110144
1,0,0,0,-1.281138853652432,1,0,2,1,1,1,1,1,1,0,0,3,-1.4990563518674551,-0.999549589367802
1,1,1,0,0.4347935072738514,1,2,1,0,2,0,0,2,2,0,1,2,1.2076325475416607,0.931021669202775
1,1,0,0,-0.9951501268313848,1,2,1,0,0,2,0,0,0,0,1,2,0.5472606418797703,-0.7494528079228425
1,0,0,0,-0.8317279972193578,1,0,0,2,0,0,2,0,0,0,0,3,-0.2752785418813693,-0.7190027845237301
1,1,1,0,1.129337558124966,1,0,1,0,2,2,0,2,2,1,1,2,1.1056510633761538,1.584481823018851
1,0,0,0,-1.2402833212494253,1,0,0,2,2,0,0,0,0,0,1,3,-0.3689008880005233,-0.960614218374162
1,0,0,0,-1.281138853652432,1,0,0,0,0,0,0,0,0,0,0,3,-0.6213468570003854,-0.9879485282034088
0,0,1,0,0.7207822340948987,1,2,1,2,2,0,2,2,2,1,0,2,1.4600785165415229,1.471211271535651
1,0,1,0,-0.7091614000103375,1,2,1,0,0,2,0,2,2,0,1,2,1.2109762027602018,-0.3437029315407653
0,1,0,0,-0.2597505435772633,1,0,1,0,0,0,0,2,2,0,1,2,0.8816261637338921,0.0309561009207378
0,0,1,0,1.0476264933189527,0,1,0,2,2,0,0,2,0,1,1,2,-0.6531115815765268,0.1141743796733193
0,0,1,0,1.5378928821550335,1,0,2,1,1,1,1,1,1,2,0,0,-1.507415489913808,-0.3907258994604396
0,0,1,0,-0.954294594428378,1,0,1,0,0,0,0,0,2,0,1,2,0.497105813601652,-0.6685105468844181
0,0,0,0,0.7207822340948987,1,0,2,1,1,1,1,1,1,1,1,3,-1.5224619383972433,-0.5518812119783837
1,0,0,0,-1.1994277888464184,1,0,1,0,0,2,0,0,0,0,1,1,0.2914710176613669,-0.9056583343439788
0,0,0,0,-1.1585722564434118,1,0,1,0,0,0,0,0,0,0,1,2,0.1761149126216953,-0.8898145993823217
0,0,1,0,-0.8725835296223645,1,2,1,0,0,2,0,2,2,0,1,2,1.1574777192635426,-0.5412966247445848
1,0,1,0,-0.7500169324133442,1,0,0,0,0,0,2,0,0,0,0,0,-0.537755476536855,-0.7147822079858269
0,0,1,1,-0.30060607598027,1,0,2,1,1,1,1,1,1,2,0,3,-1.4973845242581842,-0.7936031321256195
1,0,1,0,1.415326284946013,1,0,0,2,2,0,2,0,2,2,1,1,0.1443501880455537,1.0562026434814191
1,0,1,1,1.5378928821550335,0,1,0,2,0,2,2,2,2,2,0,0,-0.1799843681529445,0.823363821597205
0,0,1,0,1.006770960915946,1,0,2,1,1,1,1,1,1,2,0,0,-1.5040718346952668,-0.5153765395144261
0,0,0,0,0.1079492480497974,1,2,1,0,0,0,0,2,0,0,1,2,0.7211307132439138,0.3302855762214467
0,0,0,0,-0.790872464816351,1,0,1,0,2,2,0,0,0,0,1,2,0.4803875375089459,-0.5171222230039252
1,1,1,0,-1.281138853652432,1,2,1,0,0,0,0,2,0,0,1,2,0.7077560923697487,-0.9703812070116132
0,0,0,1,1.2110486229309796,1,2,1,0,0,2,0,2,2,1,1,2,1.1792114781840606,1.8260711596099224
1,0,0,0,0.0262381832437839,1,2,0,0,2,0,0,0,0,0,1,0,-0.3421516462521936,-0.2724834646210705
1,0,0,0,-1.281138853652432,1,0,2,1,1,1,1,1,1,0,0,3,-1.4806662481654782,-0.999306519514834
0,0,0,0,-1.0360056592343916,1,0,1,0,0,0,0,2,0,0,1,3,0.5154959173036286,-0.7756380602653303
1,0,0,0,-1.281138853652432,1,0,0,0,0,0,2,0,0,0,1,2,-0.5210372004441488,-0.9866226926417638
1,0,0,0,-1.281138853652432,1,0,1,0,0,0,0,0,2,0,0,2,0.49209033077384,-0.97323175346915
1,0,0,0,-1.117716724040405,1,0,1,0,0,0,2,2,2,0,1,2,1.043793441833141,-0.8080326424881887
0,0,0,0,-1.117716724040405,0,1,0,0,0,2,0,0,2,0,0,2,-0.848715411861188,-0.9152706421659048
0,0,0,0,-0.137183946368243,1,2,1,0,0,0,0,0,0,0,1,2,0.3115329489726146,-0.1275033459551948
0,1,0,0,-0.7500169324133442,0,1,0,0,0,0,0,2,2,0,1,2,-0.6196750293911146,-0.7111140629319426
0,0,0,0,-1.281138853652432,1,0,1,2,0,0,0,2,2,0,1,2,1.027075165740435,-0.9661606304737104
1,0,1,1,-1.281138853652432,1,0,1,0,0,0,0,0,0,0,1,2,0.120944601515765,-0.9781373450472364
0,0,1,0,1.006770960915946,1,2,1,2,0,0,0,2,2,0,1,2,1.1624932020913543,1.4209842010086675
0,0,1,1,0.5165045720798649,0,1,0,0,2,2,2,0,2,1,0,0,-0.464195061728948,-0.0076257139231303
0,0,0,0,-1.2402833212494253,1,0,1,0,0,0,0,0,0,0,1,2,0.1945050163236719,-0.9413896027303102
0,0,0,0,1.415326284946013,1,2,1,2,2,2,0,2,0,0,1,1,1.272833824303215,2.034934455087724
1,0,0,0,0.5165045720798649,0,1,0,2,0,2,2,0,0,1,0,0,-0.755093065742034,-0.19489998700548
0,0,1,1,-1.281138853652432,1,0,2,1,1,1,1,1,1,0,1,2,-1.4672916272913137,-0.999129741439948
0,0,1,1,-0.9951501268313848,1,0,1,0,2,0,0,2,0,0,1,2,0.6241647119062183,-0.7078657658059125
0,0,1,0,-0.9951501268313848,1,0,0,2,0,0,2,0,2,2,0,3,0.0206349449595285,-0.7589988239666863
1,0,1,0,0.4756490396768582,1,0,0,2,2,0,2,0,0,1,1,0,-0.1682815748880502,0.142392579876996
0,0,1,0,-1.0360056592343916,1,0,1,0,0,0,0,2,0,0,1,2,0.5422451590519582,-0.7535628981639418
0,0,1,1,0.1079492480497974,1,2,0,2,0,2,2,2,0,0,0,2,0.2463316722110607,0.1267477202495857
0,0,0,0,-1.281138853652432,1,0,1,0,2,0,0,0,0,0,0,2,0.3650314324692738,-0.9749111451805668
0,1,0,0,-1.281138853652432,1,0,1,0,0,0,0,0,0,0,1,2,0.1593966365289892,-0.9776291080819388
1,0,1,0,1.619603946961047,1,2,1,0,2,2,0,2,2,2,1,0,1.3848462741243452,2.3350594317254205
1,1,0,0,-1.1994277888464184,1,0,1,0,0,0,0,2,0,0,1,2,0.502121296429464,-0.8931070910270732
0,1,1,0,-0.1780394787712498,1,2,1,0,2,2,2,2,2,0,1,2,1.5369825865679705,0.4077585675402336
0,0,0,0,-0.8317279972193578,1,0,2,1,1,1,1,1,1,0,0,3,-1.490697213821102,-0.8993827126855259
0,0,1,1,1.5787484145580404,1,2,1,2,2,2,2,2,2,2,0,0,1.6623696572632662,2.571455912366716
1,0,1,1,1.2927596877369931,1,2,1,0,2,2,2,2,2,2,1,1,1.4818122754620409,1.97080820842283
1,1,0,0,-0.8317279972193578,0,1,0,0,0,2,2,0,2,0,1,2,-0.7099537202917275,-0.7755275739685266
1,0,0,0,-0.7091614000103375,1,0,1,0,0,2,2,2,2,0,1,2,1.2193353408065548,-0.3216498666987375
1,1,0,0,-0.3414616083832767,1,2,1,0,2,0,0,2,2,0,1,2,1.215991685588014,0.0700019582111817
0,1,0,0,-0.7091614000103375,1,2,1,0,0,0,0,0,0,0,1,3,0.3198920870189676,-0.502073989379255
1,0,0,0,-0.8725835296223645,1,0,1,2,0,2,0,0,0,0,1,0,0.488746675555299,-0.6567769021638602
0,0,0,0,-1.2402833212494253,1,0,1,0,0,0,0,2,2,0,1,2,0.8532050943762919,-0.9340754098819024
1,0,0,0,-1.2402833212494253,1,0,1,2,0,0,0,0,0,0,1,2,0.3616877772507328,-0.9247945609503876
0,0,0,0,-0.4231726731892902,1,2,1,0,0,0,2,2,0,0,1,2,0.8398304735021269,-0.1272602761022266
1,0,0,0,-0.3414616083832767,1,0,1,0,0,0,0,2,2,0,1,2,0.8515332667670209,-0.0191162887907199
0,0,0,0,-0.8317279972193578,1,0,0,0,2,0,0,0,0,0,1,2,-0.5176935452256076,-0.7380948166114174
1,0,1,1,0.1488047804528042,1,0,0,2,2,0,0,0,0,1,0,3,-0.3755881984376058,-0.1513241915460826
1,0,0,0,-0.0554728815622295,1,2,1,0,2,2,0,2,2,1,1,2,1.2895521003959207,0.3467922289639263
1,0,1,1,-0.137183946368243,1,0,0,2,0,0,0,0,2,0,1,3,-0.1565787816231559,-0.1978168252410988
1,0,1,1,0.8842043637069257,1,2,0,0,0,2,0,0,2,2,0,1,-0.0512536422391076,0.4982247473631408
1,0,0,0,0.8433488313039189,1,0,0,0,0,2,0,0,2,1,1,2,-0.126485884656285,0.4755971537777337
0,0,0,0,0.1079492480497974,1,2,1,0,2,0,2,0,0,0,0,1,0.6826786782306895,0.2809644933282545
1,1,1,0,1.5787484145580404,0,1,0,2,2,2,2,0,0,2,0,1,-0.6196750293911146,0.4736084004352663
0,0,1,1,-0.9951501268313848,1,0,0,2,2,0,0,0,0,0,0,3,-0.3421516462521936,-0.7952825238370365
1,0,0,1,-1.281138853652432,1,2,0,0,0,0,0,0,0,0,1,2,-0.4959597863050897,-0.9862912337513526
0,0,1,1,1.3744707525430069,1,2,1,2,2,2,0,2,2,2,0,0,1.4834841030713113,2.121666198078665
1,0,1,0,-0.9134390620253712,1,0,1,0,0,0,0,2,0,0,1,2,0.5037931240387346,-0.6295751758907779
0,0,1,1,1.0476264933189527,1,2,2,1,1,1,1,1,1,2,0,1,-1.328529935721853,-0.3411175521955576
0,0,1,1,0.7207822340948987,1,2,0,0,2,2,2,2,2,1,1,1,0.6442266432174658,0.8320259472666185
1,1,0,0,-0.0963284139652362,1,0,0,2,2,0,0,2,2,0,1,2,0.3299230526745911,-0.0753317166044658
0,1,1,0,1.2927596877369931,1,0,1,2,2,2,0,0,2,1,0,0,1.0738863388000122,1.833694714089381
0,0,0,0,-1.0768611916373982,1,0,2,1,1,1,1,1,1,0,1,3,-1.468963454900584,-0.960017592371422
0,0,0,0,0.3939379748708447,1,0,2,1,1,1,1,1,1,1,1,3,-1.4789944205562076,-0.5849829065007861
1,0,1,0,0.5982156368858784,1,2,1,0,2,2,2,2,2,0,1,2,1.4935150687269347,1.2563596187710862
0,0,0,0,1.170193090527973,1,2,0,0,2,2,2,2,2,2,0,1,0.7946911280518206,1.3432902370962734
0,0,0,0,-1.1585722564434118,1,0,2,1,1,1,1,1,1,0,0,3,-1.4890253862118312,-0.9741598383623014
1,0,0,0,-0.3414616083832767,1,0,2,1,1,1,1,1,1,2,0,3,-1.4756507653376665,-0.7931611869384045
1,0,0,0,-1.281138853652432,1,0,2,1,1,1,1,1,1,0,0,3,-1.4873535586025608,-0.999394908552277
1,0,1,0,1.5787484145580404,1,2,0,2,2,0,2,0,0,2,0,0,0.0089321516946344,1.060666289872291
1,0,1,0,-0.3414616083832767,1,2,1,0,2,2,0,2,2,0,1,2,1.3296759630184154,0.1152129508632745
1,1,1,0,1.415326284946013,1,0,0,2,2,0,2,0,0,1,1,0,-0.1315013674840967,0.8121384138419442
0,0,0,0,0.1079492480497974,1,0,2,1,1,1,1,1,1,0,0,0,-1.5258055936157846,-0.7354431454881275
0,1,1,0,0.6390711692888852,1,2,1,2,2,2,2,2,2,0,0,2,1.7576638309916912,1.3952850883721162
1,0,1,0,-1.281138853652432,1,0,1,0,0,0,0,0,0,0,0,2,0.1710994297938833,-0.9774744272664138
0,0,0,0,-1.281138853652432,1,0,1,0,0,2,0,0,0,0,0,0,0.2881273624428259,-0.9759276191111612
0,0,0,0,-1.281138853652432,1,0,0,0,0,0,0,0,2,0,1,2,-0.3170742321131345,-0.9839268269997524
1,0,0,0,-1.281138853652432,1,2,1,0,0,2,0,2,2,0,1,2,1.2226789960250963,-0.9635752511285026
0,0,1,1,1.4970373497520268,1,0,2,1,1,1,1,1,1,2,0,3,-1.5207901107879729,-0.4134639793426505
0,0,0,1,-1.281138853652432,1,0,0,2,2,0,2,0,0,0,1,2,-0.1632660920602384,-0.9818938791385636
1,0,0,0,-0.3414616083832767,1,0,1,0,2,2,2,0,0,0,1,2,0.7044124371512076,-0.0771657891314081
1,0,1,1,0.8842043637069257,1,2,0,0,2,0,2,2,0,1,1,2,0.1945050163236719,0.6577227654290287
1,0,1,1,0.2305158452588177,1,0,2,1,1,1,1,1,1,0,0,2,-1.5141028003508905,-0.6914033075821543
0,0,0,0,-1.281138853652432,1,0,0,0,0,0,0,0,2,0,1,2,-0.2886531627555341,-0.9835511735906198
0,0,0,0,-0.0963284139652362,1,2,0,2,0,2,0,2,2,1,1,1,0.4820593651182164,0.064234573518026
1,0,0,1,1.170193090527973,1,0,2,1,1,1,1,1,1,2,0,3,-1.5090873175230786,-0.5115758109043771
0,0,1,1,-1.281138853652432,1,0,1,0,0,0,0,0,0,0,1,3,0.1410065328270121,-0.9778721779349072
0,1,0,0,-0.9951501268313848,1,2,1,0,0,0,2,2,2,0,1,1,1.1792114781840606,-0.6068812905272886
1,1,1,0,1.619603946961047,1,2,1,0,2,2,0,2,2,2,1,0,1.3129576869257094,2.390125802052407
1,0,0,0,-0.5865948028013173,1,2,1,0,2,0,0,0,0,0,1,2,0.5271987105685232,-0.3667503730540267
1,0,1,0,0.8024932989009121,1,2,1,0,2,0,2,0,2,0,1,1,1.0287469933497058,1.240383300253264
1,0,0,0,-0.2597505435772633,1,0,1,0,2,0,0,2,0,0,1,2,0.6977251267141251,-0.0597752460144985
1,0,1,1,-0.3823171407862835,1,0,2,1,1,1,1,1,1,2,0,1,-1.5141028003508905,-0.8198546762461895
0,0,0,0,-0.2597505435772633,1,0,0,0,2,2,0,0,0,0,1,1,-0.3388079910336524,-0.386637906478701
1,1,0,0,-0.3414616083832767,1,2,1,0,2,2,0,2,2,0,1,1,1.272833824303215,0.0949939585481889
0,0,1,1,-0.4231726731892902,1,0,0,2,2,2,0,0,0,0,0,3,-0.1248140570470144,-0.379942436892394
1,0,1,1,1.33361522014,1,0,0,2,0,0,2,2,2,2,1,0,0.3315948802838617,1.1218315037828446
1,0,1,0,0.4756490396768582,1,0,0,0,2,2,2,2,0,1,1,2,0.202864154370025,0.4281101434114835
0,0,1,0,0.4347935072738514,0,1,0,2,0,0,2,0,0,0,0,0,-1.032616448880955,-0.3431284027973858
1,0,1,0,-1.281138853652432,1,0,1,0,0,0,2,2,0,0,1,2,0.6659604021379835,-0.970933638495632
1,0,1,0,-0.9134390620253712,1,2,1,0,0,2,0,2,2,0,1,2,1.1240411670781305,-0.5497819723391125
1,1,1,0,-0.0146173491592227,1,2,1,0,0,0,0,0,2,0,1,2,0.672647712575066,0.1592306915098871
0,0,0,0,-1.1994277888464184,1,0,2,1,1,1,1,1,1,0,0,2,-1.5090873175230786,-0.9824021161038607
0,0,0,0,-1.2402833212494253,1,2,0,0,0,0,2,0,0,0,1,3,-0.3521826119078172,-0.9566809062079488
0,1,1,0,1.619603946961047,1,2,1,2,2,0,0,2,2,1,1,0,1.403236377826322,2.38457938995286
0,0,0,0,-1.281138853652432,1,2,1,0,0,0,0,0,2,0,1,2,0.672647712575066,-0.970845249458189
0,0,1,0,1.129337558124966,0,1,0,2,2,0,2,0,0,2,0,0,-0.90890120579493,0.0030693596074721
1,0,1,0,1.170193090527973,1,2,1,0,2,2,2,2,2,0,1,2,1.6456513811705602,2.1436087766238887
1,0,1,0,0.679926701691892,1,0,1,0,2,0,0,2,0,0,1,1,0.6826786782306895,0.8910477270191798
0,0,0,0,-0.7500169324133442,1,2,1,0,0,2,0,0,0,0,1,2,0.5205114001314407,-0.5346453496769993
1,0,1,1,0.3939379748708447,0,1,0,0,2,2,0,0,2,1,1,1,-0.6614707196228798,-0.1028428045085986
1,1,1,0,1.006770960915946,0,1,0,0,0,0,0,2,2,0,1,2,-0.6698298576692329,0.1286922790733315
0,0,1,1,1.619603946961047,1,2,1,2,2,2,2,2,2,2,1,0,1.7376018996804437,2.738268123281012
0,0,1,1,1.2927596877369931,1,2,1,0,2,2,0,0,2,1,1,2,0.9351246472305512,1.6347530880645558
1,0,1,1,-1.281138853652432,1,0,2,1,1,1,1,1,1,1,0,3,-1.51243097274162,-0.9997263674426882
0,1,1,0,1.4561818173490202,1,2,1,2,2,0,0,0,2,1,1,1,1.0588398903165763,1.900428437358844
0,1,0,0,-1.281138853652432,1,0,1,0,0,0,0,0,0,0,1,2,0.2095514648071075,-0.9769661903011164
0,0,0,0,-1.2402833212494253,1,2,1,0,0,0,0,0,0,0,1,2,0.3566722944229208,-0.9349151057376108
0,0,1,0,1.0884820257219594,1,0,1,2,0,2,0,0,0,1,1,1,0.5472606418797703,1.041972008453097
1,0,0,0,-1.281138853652432,1,0,0,0,0,0,0,0,0,0,1,3,-0.6664862024506916,-0.9885451542061492
1,0,0,0,1.2110486229309796,1,2,1,2,2,0,2,0,2,1,0,2,1.241069099727073,1.877160023251975
1,0,1,1,0.8024932989009121,1,2,2,1,1,1,1,1,1,2,0,3,-1.3485918670331003,-0.4201594489289576
0,0,0,0,-0.7091614000103375,1,0,0,2,0,2,2,0,0,0,0,2,-0.1983744718549211,-0.5862866448030702
0,0,0,0,-1.1585722564434118,0,1,0,2,2,0,0,0,0,0,1,2,-1.0443192421458494,-0.9474884463138772
0,0,0,0,-1.281138853652432,1,0,1,0,0,2,0,2,0,0,1,2,0.6876941610585016,-0.9706463741239424
1,0,1,0,-1.1585722564434118,1,0,1,0,0,0,0,2,0,0,1,2,0.5171677449128992,-0.8725566398215764
1,0,1,1,-0.3823171407862835,1,0,1,2,0,0,2,2,2,0,1,2,1.169180512528437,0.0218962245828306
1,0,1,1,0.1896603128558109,0,1,0,2,2,2,0,0,0,0,0,0,-0.8253098253313994,-0.3681204031343932
1,0,0,0,-0.8317279972193578,1,0,1,0,0,0,0,2,0,0,1,2,0.5539479523168529,-0.6053565796313969
0,0,0,0,-1.1585722564434118,1,0,1,0,0,0,0,0,0,0,0,2,0.1844740506680484,-0.8842239927640521
1,0,1,0,-0.137183946368243,1,2,1,0,2,2,0,0,0,0,1,2,0.6993969543233957,0.0700461527299031
0,0,0,0,0.2713713776618244,1,0,0,0,2,0,0,2,0,1,1,1,-0.2100772651198154,-0.0253035214117297
1,1,1,0,-1.0360056592343916,1,2,1,0,0,0,0,2,2,0,1,0,1.027075165740435,-0.7236432089894875
1,0,0,0,-1.2402833212494253,1,0,0,0,0,0,0,0,0,0,0,3,-0.6765171681063155,-0.9753088958490604
1,1,0,0,-0.4231726731892902,1,2,1,0,0,0,2,2,0,0,1,0,0.856548749594833,-0.1640301156785134
0,1,0,0,0.4347935072738514,1,0,1,2,2,0,2,2,2,0,1,1,1.446703895667358,1.0248466324485164
0,0,1,1,0.4347935072738514,1,0,0,0,0,0,0,2,0,0,0,2,-0.2919968179740754,0.096143016034948
1,0,0,1,-0.4231726731892902,1,0,1,0,2,2,0,2,0,0,1,2,0.8197685421908798,-0.1238572981606712
0,0,1,1,1.619603946961047,1,0,2,1,1,1,1,1,1,2,1,3,-1.477322592946937,-0.3533152393626912
0,0,1,1,-0.0963284139652362,1,0,0,2,0,0,2,0,2,0,0,0,0.0473841867078581,-0.15832902276344
0,0,0,0,-0.954294594428378,1,2,1,0,0,0,0,2,2,0,0,2,0.9869513031179408,-0.6295530786314173
1,0,0,0,-0.790872464816351,1,0,2,1,1,1,1,1,1,1,1,2,-1.502400007085996,-0.8962449018562997
0,0,0,0,-1.281138853652432,1,0,0,0,0,0,0,0,0,0,1,3,-0.6514397539672563,-0.9883462788719024
0,0,1,1,1.170193090527973,1,2,2,1,1,1,1,1,1,2,1,3,-1.3636383155165357,-0.3226884378886928
1,0,1,1,0.6390711692888852,1,2,1,2,2,2,2,2,2,2,0,1,1.568747311144112,1.3973843280113871
1,1,1,0,1.33361522014,1,2,1,2,2,0,0,2,0,2,1,1,0.9301091644027398,1.6292950650024505
0,0,0,0,0.7616377664979054,1,0,1,0,0,0,0,2,2,1,0,1,0.7579109206478669,0.969691873084086
0,1,0,0,-0.5865948028013173,1,2,1,0,2,0,2,0,0,0,1,2,0.6876941610585016,-0.3429074302037783
0,0,0,0,-0.9951501268313848,1,0,0,0,0,0,0,0,0,0,0,3,-0.6832044785433977,-0.845200232732969
0,0,0,0,-0.8317279972193578,1,2,1,0,0,0,0,0,2,0,1,2,0.7244743684624547,-0.5368992701317957
1,0,1,0,1.619603946961047,1,2,1,2,2,2,0,0,2,2,1,2,1.1457749259986485,2.271750783656874
0,0,0,1,-0.3823171407862835,1,0,0,0,0,0,2,0,0,1,1,2,-0.5160217176163369,-0.5137192450623699
0,0,1,0,0.8024932989009121,1,2,1,0,2,2,0,2,2,0,1,2,1.34305058389258,1.477464795934743
0,1,0,0,-1.0768611916373982,0,1,0,0,0,0,0,2,2,0,1,2,-0.6848763061526685,-0.892156908874561
0,0,1,0,1.006770960915946,1,0,0,2,2,0,2,2,0,2,1,1,0.1828022230587773,0.8144586260748229
1,1,0,0,1.129337558124966,1,2,0,2,2,0,0,0,2,1,1,2,0.2296133961183546,0.9249007283598476
0,0,0,0,0.6390711692888852,1,2,2,1,1,1,1,1,1,1,0,0,-1.3552791774701825,-0.5073773316258348
0,0,1,0,0.7616377664979054,1,0,0,2,2,0,2,0,0,1,1,0,-0.1465478159675323,0.3815733151977458
0,0,0,0,-1.1585722564434118,1,0,2,1,1,1,1,1,1,0,0,0,-1.468963454900584,-0.9706242768645816
0,1,0,0,-1.2402833212494253,0,1,0,0,0,2,0,0,0,0,1,2,-1.1529880367484389,-0.973651601397004
1,0,1,0,0.0262381832437839,1,0,0,0,0,0,0,0,0,0,1,1,-0.6798608233248566,-0.3620215595508264
0,0,0,1,0.0670937156467907,1,2,1,2,2,2,2,2,2,2,1,1,1.7141963131506557,0.7359028690473596
1,0,0,0,0.5165045720798649,1,2,1,0,2,0,0,2,2,0,1,1,1.2026170647138488,1.0864095970275638
1,0,1,0,1.129337558124966,1,2,1,0,2,2,0,2,0,0,1,2,1.0320906485682468,1.5296364252854715
1,0,1,1,0.8024932989009121,1,2,2,1,1,1,1,1,1,2,0,3,-1.3402327289867473,-0.4652157607655253
1,0,0,0,-1.2402833212494253,1,0,2,1,1,1,1,1,1,0,0,3,-1.4756507653376665,-0.9888766130965604
0,1,0,0,-1.281138853652432,1,2,1,0,0,0,0,0,0,0,1,2,0.3115329489726146,-0.9756182574801108
1,1,1,0,-1.2402833212494253,1,2,1,0,0,0,0,2,0,0,1,3,0.7345053341180783,-0.9393124603504
0,0,0,0,1.170193090527973,1,2,1,2,2,2,2,2,2,1,1,2,1.796115866004915,2.246825075097948
1,0,1,1,1.0884820257219594,1,0,0,2,2,2,2,2,2,2,1,2,0.7311616788995373,1.2835171505254468
0,0,0,0,-0.137183946368243,1,0,0,2,0,2,2,0,0,1,0,1,-0.2301391964310628,-0.2418566631470721
1,1,0,0,-0.5457392703983105,1,2,1,0,2,0,0,2,0,0,1,2,0.779644679568385,-0.2236043269150932
0,0,0,0,0.1488047804528042,1,0,1,0,0,2,2,0,2,0,1,2,0.7579109206478669,0.351940890394981
0,0,1,0,1.5787484145580404,1,2,0,2,2,2,2,2,2,2,0,2,0.8431741287206679,1.7806612916235829
1,0,1,1,-1.281138853652432,1,0,1,0,0,0,0,2,2,0,0,3,0.8114094041445267,-0.9690111769312468
1,0,1,1,1.0884820257219594,1,0,0,0,2,2,2,2,2,1,0,1,0.3967961570454155,0.9988602554402752
1,0,0,0,-0.4231726731892902,1,0,2,1,1,1,1,1,1,1,0,1,-1.490697213821102,-0.8019558961639827
0,0,0,0,-0.5048837379953037,1,0,1,2,0,2,0,2,0,0,1,0,0.8197685421908798,-0.1814648533141444
1,1,0,0,-1.281138853652432,0,1,0,0,0,2,0,0,2,0,1,2,-0.8436999290333763,-0.9908874636983884
0,1,1,0,0.0670937156467907,1,2,1,0,2,2,0,0,2,0,1,2,0.9819358202901286,0.4135701467521107
0,0,0,0,0.1488047804528042,1,0,0,2,2,2,2,2,2,1,0,0,0.7010687819326662,0.318993876688104
1,0,0,0,-1.1994277888464184,1,0,0,0,0,0,2,2,2,0,1,2,0.1493656708733652,-0.9238443787978754
1,0,0,0,-0.790872464816351,1,0,0,0,0,0,2,0,0,0,1,3,-0.4792415102123836,-0.738492567279911
0,1,0,0,-0.6683058676073308,1,0,1,0,0,0,2,2,2,0,1,2,0.9886231307272112,-0.3405430234521781
1,0,1,1,0.9250598961099324,1,0,0,2,0,0,0,0,2,1,0,1,-0.181656195762215,0.3868103656662432
0,0,0,0,-1.2402833212494253,0,1,0,0,0,0,0,0,2,0,1,2,-1.0092108623511664,-0.98089950246733
1,0,0,0,-1.2402833212494253,1,0,0,0,0,0,0,0,0,0,1,2,-0.6597988920136093,-0.9648789894307868
1,1,1,0,-0.3414616083832767,1,2,1,2,0,0,0,0,0,0,1,2,0.4670129166347809,-0.2251732323297064
1,0,1,1,-0.0963284139652362,1,2,1,0,2,0,2,0,0,0,1,0,0.6241647119062183,0.1274769298084903
0,0,0,0,-0.5865948028013173,1,2,0,0,0,0,0,0,0,0,1,2,-0.4876006482587366,-0.6047820508880174
1,0,0,0,-0.9134390620253712,0,1,0,0,2,0,2,0,0,0,0,2,-0.9741024825564836,-0.8361403563950618
1,0,1,1,1.4561818173490202,0,1,0,2,2,2,2,0,2,2,1,3,-0.2836376799277223,0.7365878840875427
0,0,0,1,-0.9951501268313848,0,1,0,2,0,0,0,0,2,0,1,2,-0.8821519640466002,-0.8622151224407458
1,0,0,1,-1.281138853652432,1,2,1,0,0,0,0,0,0,0,1,2,0.3165484318004261,-0.9755519657020286
1,0,1,1,-1.1994277888464184,1,0,0,0,0,2,0,0,0,0,1,2,-0.4926161310865484,-0.934097507141263
1,0,1,0,-1.1585722564434118,1,2,1,0,0,0,0,0,0,0,1,2,0.3265793974560501,-0.8752083109448663
1,0,1,1,-0.0146173491592227,1,0,1,2,2,0,0,0,2,1,1,2,0.8665797152504565,0.327965363988568
1,0,1,0,1.33361522014,1,2,1,0,2,0,0,2,0,0,1,0,0.9016880950451392,1.617119475094678
1,1,1,0,-0.627450335204324,1,2,1,0,0,0,0,2,2,0,1,2,1.0003259239921052,-0.3172525120859484
1,0,0,0,-1.281138853652432,1,0,2,1,1,1,1,1,1,2,0,3,-1.48568173099329,-0.9993728112929164
0,0,0,0,-0.7500169324133442,1,0,0,2,0,0,0,0,0,0,0,0,-0.4942879586958189,-0.6948504800424312
0,0,1,1,-0.2188950111742565,1,0,1,2,0,0,0,0,0,0,0,3,0.3182202594096971,-0.1367400003679881
0,0,0,0,-1.1994277888464184,1,0,1,0,0,0,0,2,0,0,1,2,0.485403020336758,-0.9002887003193167
0,0,1,0,-0.5048837379953037,1,0,1,0,0,2,2,0,0,0,1,3,0.5389015038334173,-0.2643074786575933
0,0,0,0,1.0476264933189527,1,2,0,2,2,2,2,0,0,1,1,1,0.2078796371978365,0.8916001585031985
0,0,1,0,-1.281138853652432,1,0,1,0,0,0,0,2,0,0,1,0,0.483731192727487,-0.9733422397659536
1,0,0,0,-0.0554728815622295,1,0,1,0,2,0,2,0,0,0,1,2,0.4536382957606163,0.0677922322751067
1,0,0,0,-0.5457392703983105,1,0,0,0,0,0,0,0,0,0,1,0,-0.6648143748414211,-0.6257523500213684
1,0,0,1,-1.1585722564434118,1,0,0,2,0,0,0,0,0,0,1,2,-0.5176935452256076,-0.9269158978490196
1,0,0,0,0.4756490396768582,1,0,2,1,1,1,1,1,1,2,0,1,-1.4873535586025608,-0.6082071260889336
0,0,0,0,-1.281138853652432,1,2,1,0,0,0,0,0,2,0,1,3,0.6876941610585016,-0.9706463741239424
1,0,1,1,-0.5457392703983105,1,2,1,0,0,2,2,2,2,0,0,2,1.2845366175681088,-0.1189075120638634
0,1,0,0,-0.464028205592297,1,2,1,0,0,0,0,2,2,0,1,2,0.9819358202901286,-0.1361212771058871
1,0,0,1,1.006770960915946,1,2,0,2,2,2,2,2,2,2,0,3,0.8247840250186913,1.2067733687655648
0,0,1,1,-0.30060607598027,0,1,0,2,2,2,0,2,2,0,1,1,-0.2100772651198154,-0.3443216548028662
1,0,0,1,-1.1994277888464184,1,0,1,0,0,0,0,0,0,0,0,2,0.1593966365289892,-0.9111384546654446
1,1,0,0,0.679926701691892,1,2,1,0,0,0,0,2,2,0,1,2,1.0471370970516825,1.076797289205638
1,0,1,0,0.8024932989009121,1,0,0,2,2,0,0,2,2,1,1,3,0.3516568115951092,0.699906433548699
0,0,1,0,-0.5865948028013173,1,0,1,0,0,2,0,2,2,0,1,1,1.0387779590053294,-0.2369952660877073
0,0,0,0,1.4970373497520268,1,2,0,2,0,2,2,2,2,2,1,1,0.68435050583996,1.5979169567101863
0,0,1,1,-0.8317279972193578,1,0,2,1,1,1,1,1,1,0,0,0,-1.5207901107879729,-0.9208612487841744
1,0,1,1,1.415326284946013,1,2,1,0,2,2,0,0,0,1,0,2,0.7528954378200554,1.6073745837165876
0,0,0,0,-0.5457392703983105,1,2,1,2,2,0,0,0,2,0,1,2,1.0120287172569995,-0.2176601641470517
1,0,0,0,-1.117716724040405,1,0,1,0,0,2,0,2,2,0,0,0,1.057168062707306,-0.7907304884087221
0,0,0,1,-0.7091614000103375,1,0,1,0,0,0,0,0,0,0,0,0,0.1376628776084711,-0.5687635181299961
0,0,0,0,0.5982156368858784,1,2,1,0,2,2,0,2,2,0,1,2,1.3881899293428868,1.2578622324076167
0,0,0,0,0.7207822340948987,1,0,1,0,0,2,2,0,2,2,1,0,0.8297995078465034,0.893942467995438
1,0,0,0,-1.2402833212494253,1,0,0,0,0,0,0,0,0,0,0,3,-0.6363933054838207,-0.9726130302070488
1,0,0,0,1.4561818173490202,1,2,1,0,2,2,2,2,2,1,0,2,1.4567348613229816,2.163231142936234
1,0,1,1,-1.2402833212494253,1,0,1,0,0,0,0,2,2,0,1,0,0.8247840250186913,-0.9264076608837224
0,1,0,0,-0.9951501268313848,1,2,1,0,2,2,0,2,2,0,1,2,1.3580970323760155,-0.6417949603172723
0,0,1,0,0.9250598961099324,1,2,1,0,0,2,0,0,0,0,1,2,0.4302327092308277,0.9618473460110202
0,0,0,0,-0.954294594428378,1,2,1,0,0,0,0,2,2,0,1,2,0.9986540963828348,-0.615123568268848
0,1,0,0,-1.281138853652432,1,0,1,0,0,0,0,2,0,0,0,2,0.4536382957606163,-0.9737399904344471
1,0,1,1,0.8024932989009121,1,2,1,0,2,0,2,0,2,0,1,0,0.9484992681047164,1.0385469332521808
1,0,1,0,0.1079492480497974,1,2,1,0,0,0,0,0,0,0,1,2,0.3449695011580267,0.1301286009317802
1,0,0,0,-1.0360056592343916,1,0,2,1,1,1,1,1,1,2,0,3,-1.5191182831787022,-0.935334953665465
1,0,1,1,1.619603946961047,1,2,0,2,2,2,2,2,0,2,1,0,0.5338860210056052,1.522808372143
1,0,0,0,-1.1585722564434118,1,0,0,0,0,0,0,0,2,0,1,3,-0.3204178873316757,-0.9030066632206888
0,0,1,0,0.4347935072738514,1,2,1,0,2,0,0,0,0,0,0,2,0.5205114001314407,0.4937169064535481
1,0,0,0,-1.117716724040405,1,0,2,1,1,1,1,1,1,0,0,3,-1.4890253862118312,-0.9674201742572728
1,0,0,0,0.1079492480497974,1,2,1,0,0,0,0,0,0,0,0,1,0.3499849839858382,0.1565790203865972
1,0,1,1,-0.30060607598027,1,0,1,0,0,0,2,2,0,0,0,2,0.7027406095419372,-0.036551026426351
0,0,1,0,0.2713713776618244,0,1,0,2,0,2,0,2,2,0,0,2,-0.3003559560204284,-0.0430476206784114
0,0,0,0,-1.1994277888464184,1,0,1,0,2,0,0,2,2,0,1,2,1.0103568896477289,-0.8725566398215764
1,0,1,0,1.5378928821550335,1,2,1,2,2,2,2,2,2,1,0,1,1.6974780370579494,2.513384314766667
0,0,1,0,-1.281138853652432,1,0,1,0,0,0,0,2,0,0,0,2,0.4653410890255104,-0.973585309618922
1,0,0,0,-0.9134390620253712,1,2,1,0,2,0,0,0,0,0,0,2,0.500449468820193,-0.6560697898643163
0,0,1,1,-0.3823171407862835,1,2,2,1,1,1,1,1,1,2,0,3,-1.3719974535628885,-0.7319075839904076
1,0,1,1,1.619603946961047,1,0,2,1,1,1,1,1,1,2,0,2,-1.4823380757747489,-0.3753020124266367
1,0,1,0,-0.9951501268313848,1,2,1,0,0,0,0,0,2,0,1,0,0.694381471495584,-0.7169698366625411
0,0,1,1,1.4561818173490202,1,2,1,0,0,0,0,2,0,1,1,2,0.6057746082042417,1.504401355095496
0,0,1,1,0.5165045720798649,1,2,0,2,2,2,2,2,0,0,0,3,0.5489324694890408,0.5565615120755187
0,0,0,0,0.3939379748708447,1,0,0,0,0,2,2,0,2,2,0,1,0.0540714971449407,0.2125734756067356
0,0,1,1,-0.0963284139652362,1,0,2,1,1,1,1,1,1,1,0,0,-1.5157746279601612,-0.7394869439511447
1,0,0,0,-1.281138853652432,1,0,2,1,1,1,1,1,1,0,1,3,-1.4973845242581842,-0.9995274921084416
1,0,0,1,-0.9951501268313848,0,1,0,2,0,0,2,0,2,2,1,3,-0.6798608233248566,-0.8566245158224762
1,0,0,0,-0.464028205592297,1,2,1,0,2,0,0,0,0,0,1,2,0.5840408492837236,-0.1895524502401787
0,1,1,0,1.5378928821550335,1,0,2,1,1,1,1,1,1,2,1,1,-1.5157746279601612,-0.3622646294037946
0,0,1,0,0.0670937156467907,1,2,1,0,0,0,0,2,2,0,1,2,1.0956200977205302,0.4091506948799608
1,0,0,1,-1.281138853652432,1,2,1,0,0,2,0,2,2,0,1,2,1.1658368573098956,-0.964326557946768
1,0,0,0,-0.0146173491592227,1,0,1,0,0,0,2,2,2,0,1,2,1.0471370970516825,0.3984777186087189
1,0,1,1,1.619603946961047,1,2,2,1,1,1,1,1,1,2,1,1,-1.3302017633311234,-0.2169751491068685
1,0,0,0,-1.2402833212494253,1,0,0,0,0,0,0,0,0,0,0,0,-0.6681580300599623,-0.9593325773312386
0,1,0,0,1.2927596877369931,1,0,0,2,2,0,2,2,0,2,1,1,0.1777867402309658,0.9719457935388828
0,0,0,0,0.8842043637069257,1,2,1,2,0,2,0,2,2,1,1,0,1.3062703764886268,1.4837404175931956
0,0,1,0,-0.5457392703983105,1,2,1,0,0,0,0,2,0,0,1,2,0.7345053341180783,-0.3170315394923409
0,0,1,1,1.0476264933189527,0,1,0,2,0,2,2,2,2,2,0,3,-0.1716252301065914,0.5933534489111663
0,0,1,1,1.4561818173490202,1,2,1,0,2,0,2,0,0,1,1,0,0.6275083671247598,1.5254379460069292
1,0,0,0,-1.0360056592343916,1,2,1,0,0,0,0,0,2,0,1,3,0.6793350230121485,-0.7421165178150738
0,1,0,0,-1.2402833212494253,1,0,1,0,0,0,0,0,0,0,1,0,0.1777867402309658,-0.9571670459138854
0,0,0,0,-1.1994277888464184,1,0,2,1,1,1,1,1,1,0,0,3,-1.502400007085996,-0.9827777695129936
0,0,1,1,1.4970373497520268,1,2,1,2,0,2,0,0,0,1,0,0,0.6542576088730894,1.5763500315740957
0,1,0,1,-1.281138853652432,1,0,1,0,0,0,0,0,0,0,1,2,0.2045359819792955,-0.9770324820791988
1,0,0,0,-0.4231726731892902,1,2,1,2,0,0,0,2,2,0,1,0,1.2193353408065548,0.0156206029243777
1,0,1,0,0.5573601044828717,1,0,0,2,2,2,2,0,0,2,0,3,0.0256504277873405,0.3382626868506773
0,0,0,0,-1.281138853652432,1,0,2,1,1,1,1,1,1,0,1,3,-1.5157746279601612,-0.9997705619614096
1,1,1,0,-1.281138853652432,1,2,1,0,0,0,0,0,0,0,0,2,0.3148766041911556,-0.9755740629613892
0,0,1,1,1.4561818173490202,1,0,2,1,1,1,1,1,1,2,1,0,-1.5224619383972433,-0.437130144118013
1,0,0,0,-1.281138853652432,1,2,1,0,0,0,0,2,0,0,1,3,0.660944919310172,-0.9709999302737142
1,0,1,1,0.7616377664979054,1,2,2,1,1,1,1,1,1,2,1,3,-1.3352172461589351,-0.4682430852979479
1,0,1,1,-0.790872464816351,1,0,1,2,0,0,0,0,2,0,0,2,0.6408829879989243,-0.5243480268148902
0,0,1,1,1.619603946961047,1,2,1,2,2,2,2,2,2,2,1,0,1.702493519885761,2.737737789056353
0,0,0,0,-1.1994277888464184,1,2,0,0,0,0,2,2,0,0,1,2,-0.0428945041927545,-0.9396218219814504
1,0,1,0,0.8024932989009121,1,0,1,2,0,0,0,2,0,0,0,2,0.6425548156081948,0.9134543480109794
0,0,0,0,-1.2402833212494253,1,0,1,0,2,0,0,2,0,0,1,0,0.7445362997737024,-0.9272031622207092
0,0,1,1,-0.8317279972193578,0,1,0,2,0,0,2,0,0,1,0,1,-1.0610375182385554,-0.8118554683575984
1,0,0,1,-0.627450335204324,1,0,0,0,0,0,0,0,0,1,0,3,-0.6781889957155859,-0.7072691398031722
1,0,0,0,-0.5865948028013173,1,0,0,0,0,2,2,0,0,0,0,1,-0.3237615425502168,-0.5407883877792876
1,0,1,0,1.2110486229309796,1,0,0,0,2,2,2,0,0,2,1,1,-0.1582506092324266,0.6502980862838169
1,0,1,0,-0.8725835296223645,1,2,1,0,0,0,0,0,0,0,1,2,0.3366103631116737,-0.6434964492880499
0,0,1,1,-0.627450335204324,1,2,1,0,0,0,0,0,2,0,1,2,0.6876941610585016,-0.3668829566101912
0,0,0,0,-0.0963284139652362,1,0,0,2,2,2,2,2,2,1,0,0,0.68435050583996,0.109887511357334
1,0,0,0,-1.281138853652432,1,0,2,1,1,1,1,1,1,0,0,3,-1.5007281794767255,-0.999571686627163
1,0,1,0,-0.464028205592297,1,2,1,0,2,2,2,2,2,0,1,2,1.548685379832865,0.0156206029243777
0,0,0,0,0.1488047804528042,1,2,1,0,2,0,0,2,2,0,1,2,1.1457749259986485,0.5894864285230351
1,0,0,0,0.0670937156467907,1,2,1,0,2,2,0,2,2,0,1,2,1.3865181017336157,0.5601633653513209
1,1,0,0,0.5982156368858784,1,0,1,2,0,0,0,0,2,0,0,3,0.6893659886677721,0.7780644399076692
1,0,1,1,0.0262381832437839,1,0,0,0,2,2,2,2,2,2,0,1,0.5756817112373704,0.1420169264678633
1,1,0,0,-0.30060607598027,1,2,1,0,2,0,0,2,0,0,1,2,0.8047220937074442,0.0041742225755096
0,0,1,1,-0.9951501268313848,1,0,2,1,1,1,1,1,1,1,0,2,-1.507415489913808,-0.9376772631577044
0,0,0,0,-1.281138853652432,1,2,1,0,0,0,0,0,2,0,0,3,0.6993969543233957,-0.9704916933084168
1,0,1,1,1.619603946961047,1,2,0,2,2,2,0,0,0,2,0,1,-0.0144734348351541,1.077570693283264
1,0,0,0,-0.2188950111742565,1,0,1,0,0,0,0,0,0,0,1,3,0.1393347052177416,-0.2158923833981917
0,0,1,1,1.5378928821550335,1,2,1,2,2,2,2,2,2,2,1,0,1.6489950363891015,2.405129841158356
0,1,1,0,1.5787484145580404,1,0,1,2,2,2,2,2,2,2,1,0,1.498530551554747,2.4848346556725787
1,0,1,0,0.0670937156467907,1,2,1,0,2,0,0,0,2,0,0,3,0.8013784384889027,0.3175354575702945
0,0,0,0,-1.2402833212494253,1,2,0,0,2,0,0,0,0,0,0,3,-0.3588699223448997,-0.9634868620910596
0,1,1,1,-1.281138853652432,1,0,1,0,0,0,0,0,0,0,1,2,0.1460220156548242,-0.977805886156825
1,0,0,0,-1.0768611916373982,1,0,0,2,2,0,0,0,0,0,1,0,-0.3070432664575107,-0.8600716882827532
1,0,0,0,-1.281138853652432,1,0,0,0,2,0,0,0,0,0,1,3,-0.4926161310865484,-0.9862470392326312
0,0,0,0,-1.2402833212494253,1,2,1,0,0,0,0,0,0,0,0,1,0.3349385355024032,-0.9433783560727776
0,0,1,1,-1.281138853652432,1,0,1,0,0,0,0,0,0,0,1,2,0.1644121193568008,-0.9775628163038568
0,0,0,0,-1.281138853652432,1,0,1,0,0,0,0,0,0,0,1,2,0.1911613611051304,-0.9772092601540848
0,0,1,0,1.2927596877369931,1,2,2,1,1,1,1,1,1,2,0,1,-1.333545418549665,-0.3080158576731553
0,0,1,1,0.2713713776618244,1,0,1,0,0,2,2,0,0,0,1,0,0.5556197799261233,0.3648456898616586
1,0,1,0,-0.790872464816351,1,2,1,0,0,2,0,2,2,0,1,1,1.249428237773426,-0.4078070809462988
1,1,1,0,-0.137183946368243,1,2,1,0,0,0,0,2,2,0,1,2,0.9886231307272112,0.1643572556815809
0,1,0,0,-1.281138853652432,1,0,1,0,0,2,0,0,2,0,1,2,0.672647712575066,-0.970845249458189
0,0,0,0,-0.8725835296223645,1,0,0,2,0,0,2,0,0,1,1,3,-0.3438234738614641,-0.7353547564506846
0,0,0,0,-1.0768611916373982,1,2,1,0,2,2,2,2,2,0,1,1,1.5052178619918293,-0.7125503847903913
1,1,1,1,0.9659154285129392,1,2,1,2,0,2,0,2,2,1,1,0,1.326332307799874,1.552507088723847
1,1,0,0,-1.117716724040405,1,2,1,0,2,0,0,0,2,0,1,2,0.8331431630650443,-0.7862889392772116
1,0,0,0,-0.464028205592297,1,0,2,1,1,1,1,1,1,2,0,3,-1.5141028003508905,-0.8358751892827327
0,0,0,0,-1.281138853652432,1,0,2,1,1,1,1,1,1,0,0,3,-1.4840099033840195,-0.9993507140335556
1,0,0,0,0.3122269100648312,1,2,1,0,0,2,2,2,2,0,0,0,1.334691445846227,0.8176848259414923
1,0,1,0,0.2305158452588177,1,0,1,2,2,0,0,0,0,0,1,2,0.4870748479460285,0.3231923559666463
0,0,0,1,-1.2402833212494253,1,0,2,1,1,1,1,1,1,1,0,0,-1.4840099033840195,-0.9915061869604896
1,0,1,1,0.679926701691892,1,2,1,0,2,2,0,2,0,1,1,2,0.9618738889788816,0.9892479476183492
1,0,0,0,-1.281138853652432,1,0,0,0,0,0,0,0,0,0,1,2,-0.6731735128877742,-0.988633543243592
1,0,1,0,-0.1780394787712498,1,0,0,2,2,0,2,0,0,0,0,3,-0.1331731950933675,-0.2192511668210256
0,0,0,0,-1.281138853652432,1,0,2,1,1,1,1,1,1,0,0,3,-1.4706352825098543,-0.9991739359586694
1,0,1,1,-0.137183946368243,1,2,0,0,2,2,0,2,2,0,0,1,0.5088086068665462,-0.0309162252893599
1,1,1,1,1.3744707525430069,1,2,0,2,2,2,2,2,0,2,0,1,0.485403020336758,1.2696400716468963
1,0,0,1,-1.281138853652432,1,0,1,0,0,0,0,2,2,0,1,2,0.868251542859727,-0.9682598701129814
1,0,1,0,-0.4231726731892902,1,0,1,0,0,2,0,2,2,0,1,1,0.9969822687735642,-0.1621297513734888
0,1,0,0,-1.2402833212494253,1,0,1,0,2,0,0,2,0,0,1,0,0.6325238499525713,-0.9360641632243698
1,0,1,1,-0.7091614000103375,1,0,1,2,0,0,0,0,0,0,0,3,0.3416258459394852,-0.4994886100340473
0,0,1,1,1.129337558124966,0,1,0,2,0,2,2,2,2,2,0,1,-0.1682815748880502,0.5782610207677745
1,0,0,1,-1.281138853652432,1,0,2,1,1,1,1,1,1,0,1,3,-1.5191182831787022,-0.9998147564801312
0,0,1,0,0.7207822340948987,1,2,1,2,2,0,2,2,2,0,1,0,1.4968587239454765,1.3806567026753005
1,0,0,1,-0.30060607598027,1,0,1,0,2,0,0,2,2,0,1,2,1.037106131396059,0.0738026868212305
1,0,1,1,-0.137183946368243,1,0,1,0,0,0,0,0,0,0,1,2,0.1961768439329424,-0.1356572346593113
0,1,0,0,0.2713713776618244,1,2,1,0,0,2,0,2,2,0,1,2,1.1658368573098956,0.7752801852282146
1,0,1,0,1.4561818173490202,0,1,0,2,0,2,0,2,2,2,1,0,-0.3605417499541702,0.6685504225157959
0,0,1,1,1.2927596877369931,1,2,1,2,2,2,2,2,2,1,0,2,1.620573967031501,2.1836490105855666
0,0,0,0,-1.281138853652432,0,1,0,0,0,0,0,0,0,0,1,3,-1.336889073768206,-0.9974061552098096
1,0,1,1,1.0476264933189527,1,0,0,0,2,0,2,2,2,1,1,1,0.3449695011580267,0.8923072708027426
1,0,0,0,-1.1585722564434118,1,0,2,1,1,1,1,1,1,0,0,3,-1.5207901107879729,-0.9671329098855832
1,1,1,0,1.415326284946013,1,2,1,0,0,0,0,2,2,0,1,1,0.9953104411642936,1.678174202708428
0,0,1,1,0.0262381832437839,1,2,1,0,0,0,0,0,2,0,0,1,0.7110997475882902,0.2050383101647201
1,0,0,0,-1.0360056592343916,1,2,1,0,0,0,0,0,0,0,0,2,0.2914710176613669,-0.7785990930196708
1,0,1,0,-0.3823171407862835,1,2,1,0,2,2,0,0,0,0,0,2,0.6475702984360069,-0.1386182674136518
0,0,0,0,-0.7091614000103375,1,0,1,0,2,2,0,2,2,0,1,2,1.215991685588014,-0.3643859663024266
1,0,0,1,1.4561818173490202,1,2,0,2,2,0,2,2,2,2,1,0,0.7228025408531843,1.5914424597174872
0,0,1,1,1.619603946961047,0,1,0,0,2,0,2,2,2,2,0,1,-0.3755881984376058,0.6639099980500386
1,0,0,0,-1.281138853652432,1,0,1,0,2,0,0,0,0,0,1,2,0.3165484318004261,-0.9755519657020286
1,1,1,1,-0.5048837379953037,1,0,1,2,0,2,2,0,2,1,0,1,0.9836076478993993,-0.2048216564584564
0,0,0,0,-1.1585722564434118,1,0,1,0,2,0,0,0,0,0,1,0,0.3934525018268744,-0.860977675916544
0,0,0,0,-1.0360056592343916,1,2,1,2,0,0,0,0,0,0,1,3,0.493762158383111,-0.7411663356625615
1,0,1,1,-0.5865948028013173,0,1,0,0,2,2,0,2,0,1,0,1,-0.6180032017818441,-0.6493743202780092
0,0,0,0,-1.1585722564434118,1,2,1,0,2,0,0,0,0,0,0,0,0.4369200196679102,-0.8733742384179242
1,0,1,0,1.3744707525430069,1,2,1,2,2,2,2,2,2,1,0,0,1.702493519885761,2.5015843782680265
1,0,0,0,0.8024932989009121,1,0,1,0,2,2,2,2,2,1,1,0,1.3413787562833095,1.3899596488661758
1,1,0,0,-1.1994277888464184,1,2,1,0,2,0,0,0,0,0,1,2,0.5506042970983114,-0.9051280001193208
1,0,1,1,-1.281138853652432,1,0,2,1,1,1,1,1,1,0,0,3,-1.5040718346952668,-0.9996158811458844
1,0,1,1,1.006770960915946,1,0,2,1,1,1,1,1,1,1,0,3,-1.5207901107879729,-0.5392415796240352
0,0,1,0,-0.5457392703983105,1,2,1,0,0,2,0,0,2,0,0,3,0.8281276802372328,-0.2301230184265143
1,0,1,0,1.170193090527973,1,0,0,2,2,0,2,2,2,2,1,3,0.5405733314426878,1.0897904777097582
1,0,1,1,-1.2402833212494253,1,2,0,2,0,0,0,0,0,0,0,3,-0.2736067142720985,-0.9582277143632012
0,0,0,0,0.7616377664979054,1,2,1,2,2,2,0,2,2,1,0,0,1.4232983091375695,1.5022358236781423
1,0,1,0,-1.281138853652432,0,1,0,0,0,0,0,0,0,0,1,2,-1.3853720744370537,-0.9980469757312712
1,1,0,0,-0.9951501268313848,1,2,1,0,0,2,0,2,2,0,1,2,1.1942579266674958,-0.6462807039675044
0,0,0,0,-0.3823171407862835,1,0,0,0,0,2,0,0,0,0,0,1,-0.5076625795699837,-0.5305573566952607
0,0,1,0,1.619603946961047,1,2,1,0,2,2,2,2,2,1,1,2,1.4834841030713113,2.575676488904618
0,1,0,0,-0.9134390620253712,0,1,0,0,0,0,0,0,2,0,1,2,-1.0092108623511664,-0.8626570676279608
1,0,0,0,1.2110486229309796,1,2,1,0,0,2,0,2,2,1,1,2,1.0655272007536591,1.698680459395203
1,1,1,0,-1.117716724040405,1,2,1,0,0,2,0,0,0,0,1,0,0.502121296429464,-0.8564035432288688
0,0,0,0,-0.954294594428378,1,0,1,2,0,0,0,0,0,0,1,1,0.313204776581885,-0.7257203513693978
0,0,1,1,-0.5865948028013173,1,0,0,0,0,0,0,2,0,0,0,3,-0.2986841284111576,-0.5298723416550776
0,0,0,0,-0.7500169324133442,1,0,1,0,0,2,0,0,0,0,0,2,0.3499849839858382,-0.5549969255482493
1,0,0,0,-0.1780394787712498,1,2,1,2,2,0,0,0,2,0,1,1,0.9902949583364816,0.166898440508067
1,0,1,0,-1.281138853652432,1,0,1,0,0,0,0,2,0,0,1,2,0.5238550553499817,-0.9728119055412956
0,0,0,0,0.1079492480497974,1,0,2,1,1,1,1,1,1,1,0,3,-1.4639479720727722,-0.6809292066451592
0,0,0,0,-0.9134390620253712,1,0,1,2,0,0,0,2,0,0,1,3,0.6626167469194424,-0.6406900973492349
0,0,1,0,1.2927596877369931,1,2,2,1,1,1,1,1,1,2,0,3,-1.315155314847688,-0.250496691557125
0,1,0,0,-0.9951501268313848,1,2,1,0,0,0,0,0,2,0,0,2,0.6793350230121485,-0.7009272263666373
0,0,1,1,-0.627450335204324,1,2,2,1,1,1,1,1,1,0,0,3,-1.3636383155165357,-0.8272572581320405
0,0,0,0,-0.8725835296223645,1,2,1,0,0,0,0,0,0,0,1,2,0.3884370189990624,-0.6380826207446664
1,0,1,1,-0.3414616083832767,1,2,2,1,1,1,1,1,1,2,1,0,-1.3636383155165357,-0.7488119874013808
1,1,0,0,-0.7091614000103375,1,2,1,0,0,0,0,0,0,0,0,2,0.3600159496414623,-0.5016541414514007
0,1,0,0,-0.954294594428378,1,0,1,0,0,0,0,2,0,0,1,2,0.5338860210056052,-0.6762224904013195
1,0,1,1,0.9250598961099324,1,0,2,1,1,1,1,1,1,1,0,3,-1.5174464555694316,-0.5548201474733634
0,0,0,0,-0.8317279972193578,1,2,0,0,0,0,2,2,2,1,1,3,0.3667032600785443,-0.6307905251556192
1,0,1,1,-1.1585722564434118,1,2,1,0,2,2,0,0,0,0,1,0,0.6659604021379835,-0.8440511752462099
1,0,0,0,-0.7091614000103375,0,1,0,0,0,0,2,0,0,0,1,2,-1.1763936232782273,-0.8147281120744957
0,0,0,0,-0.9951501268313848,1,2,1,2,0,0,2,2,2,0,1,0,1.2862084451773792,-0.6339504332442064
1,0,0,1,-1.1585722564434118,1,2,1,0,0,0,2,0,0,0,0,1,0.5322141933963347,-0.8614859128818411
0,0,0,0,-0.8317279972193578,1,0,0,0,0,0,0,0,0,0,0,0,-0.7049382374639158,-0.7693403413475168
1,1,1,1,1.33361522014,1,2,1,2,2,0,0,0,0,0,1,2,0.6977251267141251,1.5055725098416155
0,0,0,0,-1.281138853652432,1,0,2,1,1,1,1,1,1,0,0,3,-1.4873535586025608,-0.999394908552277
1,0,0,0,0.5573601044828717,0,1,0,2,0,2,2,0,0,2,0,3,-0.8905111020929533,-0.2326421059936397
1,0,1,0,1.33361522014,1,2,1,2,2,2,0,0,0,1,0,2,0.8314713354557738,1.5414363617841118
0,1,0,0,-0.137183946368243,1,2,1,0,0,0,2,2,2,0,0,2,1.1290566499059425,0.2567679943282341
1,0,0,0,-1.281138853652432,1,0,2,1,1,1,1,1,1,0,0,3,-1.494040869039643,-0.99948329758972
1,0,0,0,-0.5048837379953037,1,2,1,0,0,0,0,2,0,0,1,2,0.6810068506214191,-0.2418566631470721
0,0,1,0,1.33361522014,1,2,1,0,2,2,2,2,2,2,1,0,1.429985619574652,2.1218208788941904
1,0,1,0,0.4756490396768582,1,2,1,2,0,2,0,0,0,0,1,1,0.6659604021379835,0.5942373392855962
0,0,1,1,-0.7091614000103375,1,0,2,1,1,1,1,1,1,0,0,3,-1.4990563518674551,-0.8827655736462426
0,0,1,0,0.679926701691892,1,2,1,2,0,0,0,2,2,0,1,3,1.2026170647138488,1.1338524128750924
0,0,1,1,-1.2402833212494253,1,0,1,0,0,0,0,0,0,0,1,2,0.2262697408998136,-0.9484165312070284
0,0,1,1,0.7207822340948987,1,2,0,2,2,2,2,0,2,1,1,0,0.5071367792572756,0.7780202453889474
1,0,1,1,-0.7500169324133442,1,0,0,2,2,0,0,0,2,2,1,0,-0.1164549190006614,-0.6479821929382821
1,0,1,1,1.4561818173490202,0,1,0,2,2,0,0,2,0,1,0,3,-0.6715016852785036,0.3101991674625258
0,1,1,0,-1.0768611916373982,1,2,1,0,0,0,0,0,2,0,1,2,0.6509139536545478,-0.7985308209630665
1,0,0,0,-0.3414616083832767,1,2,1,0,2,0,0,2,0,0,1,1,0.8582205772041035,0.0003513967061002
1,0,1,0,0.3939379748708447,1,2,1,0,0,2,2,2,2,0,1,0,1.3798307912965335,0.9859554559735976
0,0,0,0,0.1488047804528042,1,2,0,0,2,0,2,0,2,1,1,3,0.1945050163236719,0.1017336226532174
1,1,1,0,-0.0146173491592227,1,2,1,0,2,2,0,2,2,0,0,0,1.3865181017336157,0.5475679275156939
1,0,1,1,-0.627450335204324,1,0,1,0,0,0,0,2,0,0,0,2,0.5338860210056052,-0.3893116748613517
1,1,1,0,-0.6683058676073308,1,0,1,0,2,0,0,0,0,0,1,1,0.3148766041911556,-0.4876886735354072
0,0,1,1,1.33361522014,1,2,1,2,0,2,2,2,2,2,0,2,1.4851559306805815,2.2343843180778467
1,0,0,0,-1.2402833212494253,1,2,1,0,0,0,0,0,2,0,1,2,0.7060842647604781,-0.9352907591467436
1,0,1,0,1.5378928821550335,1,2,0,2,0,0,2,2,2,2,1,1,0.403483467482498,1.3293910609583623
1,1,0,0,-1.1994277888464184,1,2,1,0,0,2,0,2,0,0,0,2,0.8749388532968095,-0.8806442367476107
0,1,1,0,1.3744707525430069,1,2,1,0,0,2,2,2,2,1,1,1,1.3731434808594511,2.074267576749858
1,0,1,1,1.5787484145580404,1,2,0,2,2,2,2,2,2,2,0,1,0.8364868182835858,1.8452957752537744
0,0,0,0,-0.954294594428378,1,0,0,2,2,0,0,2,2,0,1,2,0.3265793974560501,-0.6974800539063604
1,0,1,1,0.8433488313039189,1,0,0,2,2,0,2,2,0,2,1,3,0.1610684641382597,0.6398681798655433
1,0,0,0,-1.1585722564434118,1,2,1,0,0,0,0,0,0,0,1,0,0.2446598446017902,-0.8733742384179242
1,0,0,0,-0.9951501268313848,0,1,0,2,0,0,0,0,0,0,1,2,-1.1513162091391682,-0.9083321027266296
1,0,0,0,-1.2402833212494253,1,0,1,0,0,2,0,2,2,0,1,2,1.035434303786788,-0.9210380268590604
0,1,0,0,-1.2402833212494253,1,2,1,0,0,2,0,0,0,0,1,2,0.4569819509791573,-0.9423176876234616
1,0,1,1,-0.627450335204324,1,2,2,1,1,1,1,1,1,2,1,3,-1.328529935721853,-0.8260640061265602
1,0,1,1,0.3122269100648312,1,0,2,1,1,1,1,1,1,2,0,3,-1.5141028003508905,-0.650899031173901
1,0,0,0,-0.0963284139652362,1,0,1,0,0,0,0,2,2,0,1,2,0.8481896115484799,0.2093030812213447
0,0,1,1,1.619603946961047,1,0,0,2,2,2,0,2,0,2,1,1,0.1928331887144014,1.2062430345409063
0,0,1,0,0.9659154285129392,1,0,1,2,0,2,0,0,0,2,0,0,0.5154959173036286,0.9863753039014518
0,0,0,0,0.5165045720798649,1,2,1,0,0,2,0,0,2,0,1,1,0.8164248869723383,0.8442899262118343
1,0,0,0,-0.7500169324133442,0,1,0,0,2,0,0,0,0,0,1,3,-1.1295824502186502,-0.8229261952973337
0,0,0,0,-1.1585722564434118,1,2,1,0,2,0,2,0,2,0,1,2,0.9568584061510697,-0.8483380435621953
0,0,1,1,-0.7500169324133442,1,0,1,0,2,0,2,0,2,0,1,1,0.8281276802372328,-0.4743861234002362
1,1,0,0,-0.0146173491592227,1,0,2,1,1,1,1,1,1,1,0,1,-1.507415489913808,-0.7486794038452163
0,1,0,0,-1.1994277888464184,1,0,1,0,0,2,0,2,0,0,1,2,0.7345053341180783,-0.910762801256312
1,0,0,0,0.7207822340948987,1,0,1,2,2,0,2,0,2,0,1,1,0.9568584061510697,1.0897241859316762
0,0,0,0,-0.6683058676073308,1,0,2,1,1,1,1,1,1,1,0,1,-1.5224619383972433,-0.877793690290074
0,1,0,0,-0.6683058676073308,1,0,0,0,0,0,2,2,0,0,0,2,-0.1833280233714858,-0.55590291318204
1,0,0,0,-1.281138853652432,1,0,1,0,0,0,0,0,0,0,1,3,0.2229260856812721,-0.9767894122262304
0,0,1,1,0.0262381832437839,1,2,1,2,0,2,0,2,2,1,1,3,1.2979112384422735,0.5238133737028885
0,1,0,0,-0.0963284139652362,1,2,1,2,2,2,0,0,0,0,0,1,0.8966726122173276,0.2105405277455467
1,0,1,0,-0.7091614000103375,1,0,2,1,1,1,1,1,1,0,1,1,-1.5191182831787022,-0.8577735733092353
1,0,0,0,-1.1585722564434118,1,2,0,0,0,0,0,0,0,0,0,1,-0.4391176475898889,-0.9195354132225292
0,0,0,0,-0.7500169324133442,1,0,1,0,0,0,0,0,0,0,1,1,0.2045359819792955,-0.6044726892569668
0,0,1,1,-0.9134390620253712,1,2,0,2,2,0,0,2,0,1,0,2,0.1811303954495068,-0.7095893520360509
0,0,0,0,-0.954294594428378,1,0,0,0,2,0,2,2,0,0,0,3,0.0457123590985876,-0.7341615044452041
0,0,1,1,-0.4231726731892902,1,0,2,1,1,1,1,1,1,0,0,0,-1.5324929040528672,-0.807745378116499
0,0,0,0,-1.0768611916373982,0,1,0,0,0,2,0,2,2,0,1,2,-0.5661765458944551,-0.873573113752171
1,0,1,1,0.1896603128558109,1,0,0,2,0,2,2,0,0,1,1,3,-0.2050617822920036,-0.0347611484181304
1,0,1,0,1.5378928821550335,1,0,1,2,2,2,2,2,2,1,1,0,1.4918432411176643,2.32149171447792
1,0,1,1,1.129337558124966,1,0,0,2,2,0,2,2,2,0,1,1,0.4737002270718634,1.0525565956868956
0,0,1,0,-1.2402833212494253,1,0,0,0,0,0,0,0,0,0,1,2,-0.6648143748414211,-0.9687460098189178
0,0,0,0,0.9250598961099324,1,0,1,0,2,2,0,0,0,0,1,2,0.5572916075353939,0.9845412313745098
1,0,1,0,-0.6683058676073308,1,2,1,0,0,0,0,0,0,0,1,2,0.3516568115951092,-0.4827609846979601
1,0,1,0,1.3744707525430069,1,2,1,0,2,2,0,0,2,1,0,2,1.0170442000848112,1.7640883471030206
0,0,0,0,-1.0768611916373982,1,0,0,0,0,0,2,0,0,0,1,0,-0.4708823721660305,-0.8811082791941864
0,0,1,1,-1.281138853652432,1,0,2,1,1,1,1,1,1,0,0,3,-1.5191182831787022,-0.9998147564801312
1,1,0,0,-1.1585722564434118,0,1,0,0,0,0,0,0,0,0,1,0,-1.326858108112582,-0.9631112086819268
0,0,1,0,0.3530824424678379,1,0,2,1,1,1,1,1,1,2,0,1,-1.4789944205562076,-0.6214654817053831
1,1,1,0,-1.281138853652432,1,0,1,0,0,0,0,0,0,0,0,3,0.1995204991514834,-0.977098773857281
0,0,1,0,-0.790872464816351,1,2,1,0,2,2,0,2,0,0,0,2,0.9769203374623168,-0.4711820207929276
0,0,0,0,-1.0360056592343916,1,0,1,0,0,0,0,2,0,0,1,2,0.4954339859923815,-0.749408613404121
1,1,1,0,0.3530824424678379,1,2,1,0,0,2,0,2,2,0,1,2,1.167508684919166,0.8739665455333208
0,0,1,1,0.8842043637069257,1,2,2,1,1,1,1,1,1,1,1,0,-1.3419045565960177,-0.4152538573508712
1,0,0,0,-1.281138853652432,1,2,0,0,2,0,0,0,0,0,0,2,-0.3538544395170879,-0.9844129667056888
0,0,0,0,-0.8317279972193578,1,2,1,2,0,0,0,0,0,0,1,2,0.4703565718533224,-0.5985727210076469
0,1,1,0,0.4347935072738514,0,1,0,0,2,2,0,2,2,0,0,1,-0.3120587492853227,0.0267134271234738
0,0,1,1,1.619603946961047,1,0,0,2,2,2,2,0,2,2,1,2,0.3165484318004261,1.3062331331482968
0,0,1,0,-0.5865948028013173,0,1,0,0,0,2,0,2,0,0,1,2,-0.8637618603446237,-0.7123736067155054
0,0,1,1,1.4970373497520268,1,0,2,1,1,1,1,1,1,2,0,0,-1.510759145132349,-0.3910573583508508
0,0,1,1,1.5787484145580404,1,0,1,0,0,2,0,0,0,2,0,2,0.3733905705156269,1.3942023226634397
0,0,1,0,-0.0963284139652362,1,2,1,0,0,0,0,0,2,0,1,2,0.672647712575066,0.1513640671774603
1,0,0,0,-0.2597505435772633,1,0,0,2,0,0,2,2,2,1,0,0,0.3382821907209442,-0.1650244923497471
1,0,0,0,-0.7091614000103375,1,2,0,0,0,0,0,0,0,0,0,2,-0.4458049580269714,-0.6701015495583921
0,0,1,1,1.006770960915946,1,0,0,2,0,0,0,2,2,1,1,0,0.1744430850124243,0.7210535107569361
1,0,0,0,-1.117716724040405,1,0,0,0,0,0,2,0,0,0,1,2,-0.5243808556626899,-0.9125526792645324
0,0,0,0,-1.1994277888464184,1,0,1,0,0,2,0,0,0,0,1,3,0.3299230526745911,-0.9031834412955748
0,1,0,0,1.3744707525430069,1,2,1,0,2,0,0,0,0,0,1,1,0.5205114001314407,1.3004657484551416
1,1,0,0,-0.0554728815622295,1,2,1,0,2,0,0,2,0,0,1,2,0.8632360600319154,0.2489897590332504
1,0,1,0,1.2110486229309796,0,1,0,0,0,0,2,2,0,2,1,0,-0.8654336879538942,0.0246141874842026
0,0,0,0,-0.1780394787712498,1,2,0,0,0,0,2,0,0,0,1,1,-0.3337925082058406,-0.3432167918348288
1,1,1,0,-1.281138853652432,1,2,1,0,0,0,0,0,0,0,1,2,0.3182202594096971,-0.9755298684426678
0,0,0,0,-1.281138853652432,1,0,2,1,1,1,1,1,1,0,1,3,-1.4923690414303723,-0.9994612003303592
0,0,0,1,-1.281138853652432,1,0,1,0,0,0,0,2,0,0,1,2,0.483731192727487,-0.9733422397659536
1,0,0,0,-1.1585722564434118,1,2,0,0,0,0,2,0,2,0,0,3,0.022306772568799,-0.9035811919640684
1,0,1,0,-1.1585722564434118,1,2,1,0,2,0,0,2,2,0,1,2,1.1808833057933312,-0.8227052227037261
0,0,1,0,-0.30060607598027,1,0,0,2,2,0,2,0,2,0,1,3,0.206207809588566,-0.1962479198264857
0,1,1,0,-0.627450335204324,1,2,1,2,0,2,0,0,0,0,1,0,0.68435050583996,-0.3616459061416936
0,0,1,0,-0.954294594428378,1,0,1,0,0,2,0,0,0,0,1,0,0.3633596048600033,-0.7185387420771543
0,1,0,0,-1.281138853652432,1,0,1,0,0,0,0,2,2,0,1,2,0.8164248869723383,-0.9689448851531643
1,0,1,1,-0.2597505435772633,1,2,1,0,0,0,0,2,0,0,1,2,0.6308520223433007,-0.0933188857241158
1,1,1,0,0.1488047804528042,1,2,1,0,0,0,0,0,2,0,1,1,0.6810068506214191,0.3760931948762799
0,0,1,1,-0.627450335204324,1,2,0,0,0,2,2,0,0,1,1,3,-0.0980648152986846,-0.5352198784203788
1,1,1,0,1.4970373497520268,1,2,1,0,2,0,0,2,0,0,1,2,0.8381586458928564,1.706524986468269
0,0,1,0,1.5787484145580404,1,2,2,1,1,1,1,1,1,2,0,1,-1.331873590940394,-0.1803378930867462
1,0,0,0,-0.8317279972193578,1,2,1,0,0,0,2,2,2,0,1,3,1.1725241677469782,-0.507797179553689
0,0,0,0,-1.281138853652432,1,0,1,0,2,0,0,2,0,0,0,2,0.6492421260452773,-0.9711546110892394
1,0,0,1,-0.7091614000103375,1,0,0,0,0,2,2,0,0,1,0,1,-0.3237615425502168,-0.6263268787647479
1,0,0,0,-1.1585722564434118,1,0,0,0,0,0,2,2,0,0,1,2,-0.1197985742192027,-0.8981894606800455
1,0,0,0,-1.2402833212494253,1,0,2,1,1,1,1,1,1,0,1,1,-1.5040718346952668,-0.9935170375623178
0,0,1,0,1.4970373497520268,1,2,2,1,1,1,1,1,1,2,1,1,-1.3352172461589351,-0.2489940779205941
1,0,0,0,-0.8317279972193578,1,2,1,0,0,0,0,2,0,0,1,2,0.6542576088730894,-0.5401475672578259
1,1,1,0,-1.281138853652432,1,2,1,0,0,0,0,2,2,0,1,2,1.0103568896477289,-0.9663816030673176
0,0,0,0,-0.790872464816351,0,1,0,0,0,0,0,0,0,0,1,2,-1.370325625953618,-0.8754734780571953
0,0,1,1,0.6390711692888852,1,0,2,1,1,1,1,1,1,2,0,3,-1.5157746279601612,-0.6180183092451061
1,0,0,0,-0.5457392703983105,1,0,0,0,0,2,2,0,0,0,1,1,-0.3304488529872993,-0.5459149519509814
1,0,0,0,-1.281138853652432,1,0,0,0,2,0,0,0,0,0,0,2,-0.4708823721660305,-0.9859597748609414
1,0,0,0,-1.117716724040405,1,0,0,0,0,2,2,2,2,0,0,0,0.3432976735487562,-0.8348808126114989
0,0,0,0,-1.117716724040405,1,2,1,0,0,2,0,2,2,0,1,2,1.190914271448955,-0.7812507641429607
1,0,1,1,-1.117716724040405,1,2,1,2,0,2,0,0,0,0,1,2,0.6559294364823599,-0.8078779616726635
0,0,0,0,-1.117716724040405,1,0,0,2,0,2,0,0,0,0,0,1,-0.3036996112389696,-0.8756502561320814
1,1,1,1,1.2927596877369931,1,2,2,1,1,1,1,1,1,2,1,0,-1.353607349860912,-0.3239921761909769
0,0,0,0,-1.281138853652432,1,0,2,1,1,1,1,1,1,0,1,3,-1.5040718346952668,-0.9996158811458844
1,1,1,0,0.9659154285129392,1,0,0,2,2,2,2,2,2,2,1,0,0.694381471495584,1.123731868087869
1,0,0,0,-1.281138853652432,1,0,0,0,0,2,0,0,0,0,1,2,-0.4809133378216541,-0.986092358417106
1,0,1,1,-0.7500169324133442,1,0,2,1,1,1,1,1,1,1,0,3,-1.5090873175230786,-0.8716948467065073
0,0,0,0,-1.281138853652432,1,2,1,0,0,0,0,2,2,0,1,2,0.9685611994159636,-0.9669340345513364
1,0,1,0,-1.1994277888464184,1,0,0,0,0,2,2,0,0,0,1,3,-0.3036996112389696,-0.9401079616873868
1,0,1,1,1.006770960915946,1,0,0,2,2,0,2,0,0,1,0,3,-0.1766407129344032,0.5425518496408038
1,0,0,0,0.4756490396768582,0,1,0,0,2,2,0,2,2,1,1,3,-0.365557232781982,0.0413860073390114
1,0,0,0,-0.6683058676073308,1,0,2,1,1,1,1,1,1,0,1,1,-1.4806662481654782,-0.862458192293714
1,1,1,0,0.5573601044828717,0,1,0,0,2,2,2,2,2,1,1,0,-0.1666097472787797,0.2363943211976233
0,0,1,0,-0.2597505435772633,1,2,0,2,2,2,2,2,2,1,1,1,0.8431741287206679,0.0136097523225497
1,0,1,1,-0.0146173491592227,1,0,1,2,2,2,0,0,2,1,0,3,1.0003259239921052,0.375562860651622
0,0,0,0,-1.0360056592343916,1,2,1,0,0,0,0,0,0,0,1,2,0.3499849839858382,-0.7588662404105216
0,0,1,1,-0.3823171407862835,1,2,1,0,0,0,0,2,0,0,1,2,0.6308520223433007,-0.1908340912831021
1,0,0,0,-1.281138853652432,1,0,2,1,1,1,1,1,1,0,0,3,-1.4957126966489138,-0.9995053948490809
0,1,1,0,-1.117716724040405,1,2,1,0,0,0,0,0,0,0,1,2,0.3165484318004261,-0.8604473416918859
1,0,0,0,-1.1994277888464184,1,0,2,1,1,1,1,1,1,0,1,3,-1.51243097274162,-0.9782036368253184
1,0,1,1,0.0670937156467907,0,1,0,0,0,2,2,2,0,0,1,2,-0.6698298576692329,-0.3708604632951261
1,0,0,1,-1.281138853652432,1,2,1,0,0,0,0,2,2,0,1,2,0.950171095713987,-0.9671771044043046
1,0,1,0,-0.3414616083832767,1,2,0,2,0,0,2,0,0,1,1,2,-0.2184364031661685,-0.4131546177116
0,0,1,0,1.0476264933189527,1,2,1,2,2,2,0,2,2,2,1,0,1.490171413508394,1.7071437097303703
1,1,1,0,0.1488047804528042,1,2,1,0,0,0,0,0,2,0,1,2,0.6425548156081948,0.3269709873173343
0,0,1,0,1.2927596877369931,0,1,0,2,0,2,2,0,2,2,0,2,-0.5695202011129964,0.3826118863877009
1,0,1,1,-0.3414616083832767,1,2,0,2,0,0,2,2,2,0,0,0,0.5389015038334173,-0.1581743419479148
0,0,0,0,-1.281138853652432,1,0,1,2,0,0,0,0,0,0,0,3,0.3483131563765678,-0.9751321177741744
1,0,1,1,-1.0360056592343916,1,0,1,0,0,0,0,0,0,0,1,0,0.1694276021846128,-0.7744006137411285
1,0,0,0,-1.2402833212494253,0,1,0,0,2,2,2,0,0,0,1,1,-0.8186225148943171,-0.9743145191778266
1,0,1,1,-1.0360056592343916,1,0,0,2,0,2,2,0,2,0,1,1,0.2162387752441895,-0.7804773600653344
0,0,1,0,1.0884820257219594,1,0,1,0,2,0,2,2,2,2,1,3,1.175867822965519,1.6586623226928865
1,1,1,0,-0.137183946368243,1,2,0,0,0,0,0,0,0,0,1,2,-0.4441331304177007,-0.371125630407455
0,0,1,0,-1.0768611916373982,1,0,0,0,0,0,2,0,0,0,1,2,-0.5260526832719606,-0.8887318336736449
1,0,0,0,-0.7091614000103375,1,2,1,0,0,0,0,2,2,0,1,2,0.9518429233232576,-0.3699544756613353
1,1,0,0,-0.7091614000103375,1,0,1,0,2,0,0,0,0,0,1,2,0.3182202594096971,-0.5336288757464049
0,0,1,0,-0.2597505435772633,1,0,1,0,0,0,2,0,2,0,0,1,0.7027406095419372,-0.0377000839131101
0,0,1,1,1.170193090527973,1,2,1,0,2,0,0,2,2,0,1,2,1.1457749259986485,1.6477020820499548
0,1,1,0,1.33361522014,1,2,1,0,2,2,0,2,2,1,1,2,1.3831744465150748,2.076278427351686
1,0,0,0,-0.8317279972193578,1,0,0,0,0,0,0,0,0,0,1,0,-0.6514397539672563,-0.7790852327256071
0,0,0,1,-1.0360056592343916,1,0,2,1,1,1,1,1,1,1,0,3,-1.4990563518674551,-0.965630296249052
0,0,1,1,-0.9951501268313848,1,0,2,1,1,1,1,1,1,1,1,3,-1.5090873175230786,-0.94432853822529
0,0,1,1,0.2305158452588177,1,0,2,1,1,1,1,1,1,1,0,1,-1.5141028003508905,-0.671162218007708
0,1,0,0,-1.281138853652432,1,0,1,0,0,0,0,0,0,0,1,2,0.1761149126216953,-0.9774081354883316
0,0,1,1,0.7616377664979054,1,0,2,1,1,1,1,1,1,2,0,3,-1.502400007085996,-0.5537594790240474
0,0,1,0,-0.9951501268313848,1,0,1,0,2,2,0,2,2,0,0,2,1.2126480303694729,-0.6358949920679522
0,1,0,0,-1.281138853652432,1,0,0,2,0,2,0,0,0,0,1,2,-0.3036996112389696,-0.9837500489248664
0,0,1,1,1.619603946961047,1,2,1,2,2,2,2,2,2,2,1,0,1.6958062094486783,2.624555626610596
1,0,0,0,-1.1994277888464184,1,0,1,2,0,0,0,0,2,0,1,3,0.7077560923697487,-0.9002003112818737
0,0,0,0,-0.6683058676073308,1,0,2,1,1,1,1,1,1,1,0,0,-1.4973845242581842,-0.8676068537247686
1,1,1,0,-0.9134390620253712,1,2,1,0,0,0,0,0,2,0,1,2,0.7278180236809962,-0.6298182457437462
0,0,0,0,-0.9134390620253712,1,2,1,0,0,0,2,2,2,0,1,2,1.1240411670781305,-0.5407220960012054
1,0,0,0,-0.627450335204324,1,0,2,1,1,1,1,1,1,1,1,0,-1.51243097274162,-0.8530447598060349
1,0,0,0,-0.954294594428378,1,0,1,0,0,0,0,0,0,0,0,3,0.1727712574031538,-0.7178316297776104
1,0,1,1,1.4561818173490202,1,2,0,0,2,2,2,0,2,1,1,0,0.3650314324692738,1.3312251334853042
1,0,1,0,0.4756490396768582,0,1,0,0,2,2,0,2,2,2,0,0,-0.3538544395170879,0.0480372824065968
1,0,0,0,-0.9134390620253712,1,0,0,0,2,0,0,2,0,0,1,3,-0.1749688853251327,-0.7260297130004484
0,0,0,0,0.3939379748708447,1,0,2,1,1,1,1,1,1,2,1,0,-1.4756507653376665,-0.635209977027769
0,0,1,1,-0.464028205592297,0,1,0,2,0,2,0,2,2,1,1,2,-0.2986841284111576,-0.4970579115043649
0,0,0,0,-0.8317279972193578,1,2,0,2,0,2,2,0,0,0,1,3,-0.1080957809543084,-0.6929722129967675
0,1,0,0,0.0670937156467907,0,1,0,0,2,2,0,2,2,0,1,2,-0.2886531627555341,-0.2279574870091608
0,0,1,1,-1.281138853652432,1,0,0,0,0,2,0,0,0,0,0,3,-0.4825851654309246,-0.9861144556764668
1,0,0,0,0.5573601044828717,1,0,0,0,0,0,0,0,0,0,1,1,-0.6581270644043385,-0.0957274869944374
0,1,1,0,1.33361522014,1,2,1,2,2,2,0,2,2,0,1,1,1.4884995858991232,2.185726152965477
1,0,0,0,-1.117716724040405,0,1,0,0,2,0,0,2,2,0,1,3,-0.464195061728948,-0.8731974603430381
0,0,0,0,-1.0360056592343916,1,0,2,1,1,1,1,1,1,0,0,3,-1.4890253862118312,-0.941853645176886
1,0,0,0,-0.790872464816351,1,0,1,0,0,0,0,0,0,0,1,2,0.1761149126216953,-0.5966281621839009
0,1,1,0,1.0476264933189527,1,0,1,2,2,0,2,2,2,1,1,1,1.3580970323760155,1.7340802688911234
0,1,0,0,-1.2402833212494253,1,2,0,0,2,0,0,0,0,0,1,1,-0.2786221970999105,-0.9561505719832908
1,0,0,0,1.2110486229309796,1,2,2,1,1,1,1,1,1,2,0,0,-1.387043902046324,-0.3765836534695601
1,0,1,0,-0.0554728815622295,1,2,1,0,2,2,0,2,0,0,0,2,0.9668893718066932,0.3260429024241829
1,0,0,0,-1.281138853652432,1,0,0,0,0,0,0,0,0,0,1,2,-0.7350311344307867,-0.9894511418399398
1,0,1,0,1.170193090527973,1,2,1,0,2,0,2,2,0,2,1,2,0.9769203374623168,1.4834089587027843
0,0,0,0,-0.7091614000103375,1,0,1,2,2,0,0,2,2,0,1,1,1.1441030983893774,-0.3780199753280088
1,1,0,0,-1.2402833212494253,1,0,2,1,1,1,1,1,1,0,0,2,-1.5274774212250553,-0.9919702294070654
1,0,1,0,-0.0963284139652362,1,0,0,0,0,2,0,0,0,0,1,3,-0.4976316139143602,-0.356585633748082
1,0,0,0,0.3530824424678379,1,2,1,0,2,2,0,2,2,0,1,2,1.331347790627686,0.9124599713397455
0,0,1,0,-0.0963284139652362,1,2,1,0,2,0,2,2,0,0,1,1,0.9769203374623168,0.2310025899136004
0,1,1,1,-0.8317279972193578,0,1,0,0,0,0,2,0,0,0,1,3,-1.1897682441523925,-0.8511222982416496
1,1,0,0,-0.464028205592297,1,0,1,0,0,2,0,2,2,0,1,0,1.0671990283629296,-0.1111292767688797
0,0,1,1,0.9659154285129392,1,2,1,0,0,2,0,2,2,1,1,1,1.167508684919166,1.4291159924534234
1,0,0,0,0.1488047804528042,1,0,0,0,2,0,2,0,2,1,1,3,0.0172912897409875,0.0957452653664545
1,0,0,0,-0.2597505435772633,1,2,1,0,0,0,0,0,2,0,1,2,0.6375393327803833,-0.0121777493514447
1,0,0,0,-0.30060607598027,1,2,2,1,1,1,1,1,1,1,0,0,-1.323514452894041,-0.709500962998608
0,0,1,0,0.0262381832437839,1,0,0,0,2,0,2,0,0,1,1,1,-0.3722445432190645,-0.187585794157072
1,0,1,1,1.2110486229309796,1,0,0,2,2,2,2,2,2,2,0,2,0.7094279199790192,1.296444047251485
1,0,0,0,-1.1994277888464184,1,0,0,2,0,0,2,2,0,0,1,1,-0.0161452624444246,-0.9219440144928508
0,0,1,1,0.3122269100648312,0,1,0,0,2,0,0,2,2,0,1,2,-0.4692105445567598,-0.108367119348786
1,0,1,1,0.0262381832437839,1,0,2,1,1,1,1,1,1,1,1,0,-1.5191182831787022,-0.7431329917456683
0,0,1,1,0.1079492480497974,0,1,0,2,0,0,2,2,0,2,1,1,-0.6196750293911146,-0.2738755919607977
0,1,0,0,-0.790872464816351,1,2,1,0,0,0,0,0,2,0,1,2,0.5723380560188295,-0.5102499753427322
0,1,1,0,1.619603946961047,1,2,1,0,2,2,0,2,2,1,0,1,1.3413787562833095,2.34067213560305
1,0,1,0,0.9250598961099324,1,2,1,2,2,0,0,2,0,0,1,2,1.0655272007536591,1.3068960509291192
0,0,0,0,-1.1994277888464184,1,0,2,1,1,1,1,1,1,0,0,2,-1.494040869039643,-0.9792643052746344
0,0,0,0,-0.5457392703983105,1,0,0,0,2,0,0,2,0,1,0,2,-0.2234518859939802,-0.5464673834350001
1,0,0,0,-1.281138853652432,1,0,2,1,1,1,1,1,1,0,0,2,-1.4823380757747489,-0.9993286167741948
0,1,1,0,-0.6683058676073308,1,2,1,0,0,0,0,0,2,0,1,1,0.68435050583996,-0.4006696661727768
0,1,1,0,0.9659154285129392,1,2,1,0,0,2,0,2,2,0,1,0,1.1959297542767668,1.50539573176673
0,0,0,0,-1.281138853652432,1,0,1,0,0,2,0,2,2,0,0,2,0.9869513031179408,-0.966690964698368
0,1,1,0,-1.281138853652432,1,0,1,0,0,0,0,0,0,0,1,2,0.1560529813104477,-0.9776733026006604
0,0,0,0,0.5573601044828717,1,0,1,2,2,2,0,2,0,1,1,1,1.0287469933497058,1.0529101518366677
0,0,0,1,-0.9134390620253712,1,2,0,2,0,2,2,0,2,1,0,1,0.2897991900520965,-0.702009992075314
1,0,0,0,-0.9134390620253712,0,1,0,0,0,2,0,0,0,0,0,3,-1.18308093371531,-0.8956040813348379
1,0,1,0,-1.281138853652432,0,1,0,0,0,2,0,2,2,0,1,2,-0.4859288206494659,-0.9861586501951882
0,1,0,0,-0.8725835296223645,1,2,1,0,0,0,0,0,2,0,1,1,0.6659604021379835,-0.6076325973455541
0,0,1,1,-0.627450335204324,1,0,0,2,0,0,2,0,0,0,1,1,-0.318746059722405,-0.6016000455400695
0,0,0,0,-1.281138853652432,1,0,1,0,0,0,0,0,0,0,1,2,0.1443501880455537,-0.9778279834161858
0,0,0,0,-1.0768611916373982,1,2,1,2,0,0,0,0,0,0,1,2,0.4737002270718634,-0.8163854065265519
0,1,0,0,-1.1994277888464184,1,2,1,0,2,0,0,0,0,0,1,2,0.485403020336758,-0.91778972973303
1,0,0,0,-0.954294594428378,1,0,0,2,0,2,2,0,2,0,1,0,0.112585463469412,-0.7534303146077773
1,0,1,0,0.679926701691892,1,2,1,0,2,0,0,2,2,0,1,0,1.142431270780107,1.1366808620732682
1,0,0,0,-1.0360056592343916,1,0,1,0,0,0,0,0,0,0,0,0,0.1426783604362831,-0.7924540746388605
0,0,0,1,-0.6683058676073308,1,2,1,0,0,0,2,0,0,1,1,1,0.488746675555299,-0.4497034846942793
